Workbook

Sheet About
A1: 📘 ABOUT THIS WORKBOOK
A3: 📌 PURPOSE
A4: This workbook is a comprehensive 12-Week Min-Max Training Program tracker designed to log workouts, track progressive overload, and analyze training performance.
A6: 🏋️ PROGRAM STRUCTURE
A7: Attribute | B7: Details
A8: Duration | B8: 12 Weeks
A9: Frequency | B9: 4 Days per Week
A10: Split | B10: Upper/Lower
A11: Block 1 (Weeks 1-6) | B11: Intro Week → Ramp-Up → Deload
A12: Block 2 (Weeks 7-12) | B12: Ramp-Up → Peak → Deload
A13: Training Style | B13: Progressive Overload with RIR-based intensity
A15: 📑 WORKBOOK STRUCTURE
A16: Sheet Name | B16: Purpose
A17: About | B17: Overview and instructions (this page)
A18: 4x Per Week | B18: Master program template with all exercises
A19: Week 1 - Week 12 | B19: Individual weekly workout logs with sets, reps, weight, RIR
A20: Analytics Dashboard | B20: Performance tracking with 9 analytics sections
A21: _DropdownLists | B21: Helper sheet for data validation dropdowns
A23: 📊 ANALYTICS DASHBOARD FEATURES
A24: Section | B24: Description | C24: Chart Type
A25: 1. Weekly Volume Trend | B25: Volume per muscle group over 12 weeks | C25: Stacked Area Chart
A26: 2. Strength Progression (E1RM) | B26: Estimated 1RM trends for main lifts | C26: Line Chart
A27: 3. Reps at a Given Weight | B27: Performance consistency analysis | C27: Scatter Plot
A28: 4. Weekly Bodyweight Trend | B28: Track bodyweight changes with stats | C28: Line Chart
A29: 5. Strength-to-Bodyweight Ratio | B29: Relative strength over time | C29: Dual-Axis Line Chart
A30: 6. Weekly PR Tracker | B30: E1RM summary with PR indicators | C30: Table with Icons
A31: 7. Total Weekly Training Load | B31: Tonnage, sets, reps, avg weight | C31: Summary Table
A32: 8. Exercise-Specific Volume | B32: Volume by movement pattern | C32: Multi-Line Chart
A33: 9. Avg Intensity Tracker | B33: Training intensity as % of 1RM | C33: Line Chart
A35: 🔢 KEY FORMULAS USED
A36: Formula | B36: Calculation
A37: Estimated 1RM (E1RM) | B37: Weight × (1 + Reps ÷ 30)
A38: Volume (per exercise) | B38: Sets × Reps
A39: Total Tonnage | B39: Sets × Weight × Reps
A40: Intensity % | B40: (Working Weight ÷ E1RM) × 100
A41: Strength-to-BW Ratio | B41: E1RM ÷ Bodyweight
A43: 📝 HOW TO USE THIS WORKBOOK
A44: Step | B44: Instructions
A45: Step 1 | B45: Review the '4x Per Week' sheet for the program template
A46: Step 2 | B46: Log each workout in the corresponding Week tab (Week 1-12)
A47: Step 3 | B47: Enter Sets, Weight (lbs), Reps, and RIR for each exercise
A48: Step 4 | B48: Record your Bodyweight in column I of each week
A49: Step 5 | B49: View the Analytics Dashboard for progress tracking
A50: Step 6 | B50: Check for PR indicators (🏆) and adjust training as needed
A52: 💡 IMPORTANT TRAINING NOTES
A53: Topic | B53: Description
A54: RIR (Reps in Reserve) | B54: How many reps you could have done before failure
A55: RIR 3-4 | B55: Warm-up / early sets
A56: RIR 1-2 | B56: Working sets (most hypertrophy stimulus)
A57: RIR 0 | B57: True failure (use sparingly)
A58: Progressive Overload | B58: Add weight or reps each week when possible
A59: Deload Weeks | B59: Reduce volume/intensity for recovery (Weeks 6 & 12)
A61: 🎯 INTENSITY ZONES REFERENCE
A62: Intensity Range | B62: Training Zone | C62: Indicator
A63: 60-70% of 1RM | B63: Muscular Endurance | C63: 🟢
A64: 70-80% of 1RM | B64: Hypertrophy (Muscle Growth) | C64: 🟡
A65: 80-90% of 1RM | B65: Strength | C65: 🟠
A66: 90%+ of 1RM | B66: Peaking / Max Strength | C66: 🔴
A68: Last Updated: April 2026

Sheet 4x Per Week
B1: The Min-Max Program
Q2: Copyright 2025 by Jeff Nippard. All rights reserved.
B3: IMPORTANT PROGRAM NOTES (PLEASE READ BEFORE STARTING!) ● Due to the lower volume in this program, it's essential that you approach each set with focused intent and high effort. ● Nearly every set in this program should be taken to failure, or 1 rep shy of failure. The only exceptions are in Week 1 (an intro week) and Week 7 (a deload week), where you won't train quite as hard. ● In the program, I use Reps In Reserve (RIR) to indicate which sets you should take to failure. An RIR of 0 means you hit failure (zero reps in the tank). An RIR of 1 means you stop 1 rep shy of failure. ● For heavy compound lifts like the Squat, Barbell Incline Press, Leg Press, and Smith Machine Lunge, an RIR of 0 means you couldn’t complete another rep, but for safety you don't need to actually attempt and fail the final rep unless you want to. ● For all other exercises, an RIR of 0 means that you should actually go for another rep, even if you think you can't get it. On these exercises, go until you physically can't complete the rep and literally fail.
G5: WARM-UP PROTOCOL
G6: Start each workout with about 5 minutes of light cardio to raise your core body temperature. Each exercise includes the recommended number of exercise-specific warm-up sets, which should be light and not fatiguing. For a more detailed breakdown of warm-up protocols, refer to page 13 of the PDF document.
B10: Block 1
B11: Intro Week
B12: Week 1 | C12: Exercise | D12: Last-Set Intensity Technique | E12: Warm-up Sets | F12: Working Sets | G12: Rep Range | H12: Tracking Load and Reps | L12: Failure? | N12: Rest | O12: Substitution Option 1 | P12: Substitution Option 2 | Q12: Notes
H13: Set 1 | J13: Set 2
H14: Load | I14: Reps | J14: Load | K14: Reps | L14: RIR (Set 1) | M14: RIR (Set 2)
B15: Full Body | C15: Lying Leg Curl | D15: N/A | E15: 45659 | F15: 2 | G15: 45816 | L15: 1 | M15: 0 | N15: 1-2 min | O15: Seated Leg Curl | P15: Nordic Ham Curl | Q15: Set the machine so that you get the biggest stretch possible at the bottom. Prevent your butt from popping up as you curl.
C16: Squat (Your Choice) | D16: N/A | E16: 45692 | F16: 2 | G16: 45816 | L16: 3 | M16: 2 | N16: 3-5 min | O16: See Notes | P16: See Notes | Q16: This can be a Barbell Back Squat, Barbell Front Squat, Pendulum Squat, Hack Squat, Belt Squat, or Smith Machine Squat.
C17: Barbell Incline Press | D17: N/A | E17: 45692 | F17: 2 | G17: 45816 | L17: 2 | M17: 1 | N17: 3-5 min | O17: Smith Machine Incline Press | P17: DB Incline Press | Q17: A 30° or 45° bench will work here. Pause for 1 second at the bottom of each rep while maintaining tension on the pecs.
C18: Incline DB Y-Raise | D18: N/A | E18: 0-1 | F18: 1 | G18: 45879 | L18: 0 | M18: N/A | N18: 1-2 min | O18: Cable Y-Raise | P18: Machine Lateral Raise | Q18: Use a 30° incline bench (back against the bench) and lift the weight up and out in a Y shape.
C19: Pull-Up (Wide Grip) | D19: N/A | E19: 45659 | F19: 2 | G19: 45816 | L19: 2 | M19: 1 | N19: 2-3 min | O19: Lat Pulldown (Wide Grip) | P19: 1-Arm Cable Pulldown | Q19: Control the negative and feel your lats pulling apart. Full ROM!
C20: Standing Calf Raise | D20: N/A | E20: 0-1 | F20: 1 | G20: 45816 | L20: 0 | M20: N/A | N20: 1-2 min | O20: Leg Press Calf Press | P20: Donkey Calf Raise | Q20: 1-2 second pause at the bottom of each rep. Instead of just going up onto your toes, think about rolling your ankle back and forth on the balls of your feet.
B21: 1-2 Rest Days
B22: Upper | C22: Close-Grip Lat Pulldown | D22: N/A | E22: 45691 | F22: 2 | G22: 45879 | L22: 2 | M22: 1 | N22: 2-3 min | O22: Close-Grip Pull-Up | P22: 1-Arm Cable Pulldown | Q22: Lean back by ~15° and drive your elbows down as you squeeze your shoulder blades together. This should feel like a mix of lats and mid-traps.
C23: Chest-Supported T-Bar Row | D23: N/A | E23: 45691 | F23: 2 | G23: 45879 | L23: 2 | M23: 1 | N23: 2-3 min | O23: Chest-Supported Machine Row | P23: Chest-Supported DB Row | Q23: Flare elbows out at roughly 45° and squeeze your shoulder blades together hard at the top of each rep.
C24: Machine Shrug | D24: N/A | E24: 45659 | F24: 1 | G24: 45816 | L24: 1 | M24: N/A | N24: 1-2 min | O24: Barbell Shrug | P24: Cable Shrug-In | Q24: Think about shrugging "up to your ears". Use straps, if possible.
C25: Machine Chest Press | D25: N/A | E25: 45692 | F25: 2 | G25: 45879 | L25: 2 | M25: 1 | N25: 3-5 min | O25: Smith Machine Bench Press | P25: DB Bench Press | Q25: 1 second pause at the bottom of each rep while maintaining tension on the pecs.
C26: High-Cable Lateral Raise | D26: N/A | E26: 0-1 | F26: 2 | G26: 45879 | L26: 1 | M26: 0 | N26: 1-2 min | O26: DB Lateral Raise | P26: Machine Lateral Raise | Q26: Set the cable at roughly hip height. Let your hand go slightly past your midline at the bottom of each rep to get a deep stretch on the side delt.
C27: 1-Arm Reverse Pec Deck | D27: N/A | E27: 0-1 | F27: 1 | G27: 45879 | L27: 0 | M27: N/A | N27: 1-2 min | O27: Lying Reverse DB Flye | P27: Reverse Cable Crossover | Q27: Sweep the weight out to create the largest semi-circle possible with your arm.
C28: Cable Crunch | D28: N/A | E28: 0-1 | F28: 2 | G28: 45816 | L28: 1 | M28: 0 | N28: 1-2 min | O28: Weighted Crunch | P28: Machine Crunch | Q28: Round your lower back as you crunch. Maintain a mind-muscle connection with your 6-pack.
B29: Lower | C29: Leg Extension | D29: N/A | E29: 45659 | F29: 2 | G29: 45879 | L29: 1 | M29: 0 | N29: 1-2 min | O29: Reverse Nordic | P29: Sissy Squat | Q29: Set the seat back as far as it will go while still feeling comfortable. Grab the handles as hard as you can to pull your butt down into the seat (using straps can help here).
C30: Barbell RDL | D30: N/A | E30: 45691 | F30: 2 | G30: 45816 | L30: 3 | M30: 2 | N30: 2-3 min | O30: DB RDL | P30: Seated Cable Deadlift | Q30: Stick your glutes straight back as you lower the bar straight down, centered over the middle of your foot. Get a nice deep stretch at the bottom, but keep your spine neutral (don't round forward).
C31: Machine Hip Thrust | D31: N/A | E31: 45692 | F31: 2 | G31: 45816 | L31: 2 | M31: 1 | N31: 2-3 min | O31: Barbell Hip Thrust | P31: 45° Hyperextension | Q31: Squeeze your glutes hard at the top and control the weight on the way down.
C32: Leg Press | D32: N/A | E32: 45692 | F32: 1 | G32: 45816 | L32: 1 | M32: N/A | N32: 2-3 min | O32: Smith Machine Squat | P32: Barbell Squat | Q32: Feet lower on the platform for more quad focus. Get as deep as you can without excessive back rounding.
C33: Standing Calf Raise | D33: N/A | E33: 0-1 | F33: 2 | G33: 45879 | L33: 1 | M33: 0 | N33: 1-2 min | O33: Leg Press Calf Press | P33: Donkey Calf Raise | Q33: 1-2 second pause at the bottom of each rep. Instead of just going up onto your toes, think about rolling your ankle back and forth on the balls of your feet.
B34: Arms/Delts | C34: Bayesian Cable Curl | D34: N/A | E34: 0-1 | F34: 2 | G34: 45816 | L34: 1 | M34: 0 | N34: 1-2 min | O34: Incline DB Curl | P34: Standing DB Curl | Q34: As you curl, optionally lean forward to prevent the cable from hitting your wrist at the top. Control the negative and feel a deep stretch at the bottom of each rep.
C35: Overhead Cable Triceps Extension | D35: N/A | E35: 0-1 | F35: 2 | G35: 45879 | L35: 1 | M35: 0 | N35: 1-2 min | O35: Overhead DB Triceps Extension | P35: Skull Crusher | Q35: Feel a deep stretch on the triceps throughout the entire negative.
C36: Modified Zottman Curl | D36: N/A | E36: 0-1 | F36: 1 | G36: 45879 | L36: 0 | M36: N/A | N36: 1-2 min | O36: DB Hammer Curl | P36: Preacher Hammer Curl | Q36: Hammer curl on the way up and supinated curl (palms up) on the way down.
C37: Cable Triceps Kickback | D37: N/A | E37: 0-1 | F37: 2 | G37: 45879 | L37: 1 | M37: 0 | N37: 1-2 min | O37: Seated Dip Machine | P37: Close-Grip Dip | Q37: Keep your upper arm behind your torso throughout the ROM.
C38: DB Wrist Curl | D38: N/A | E38: 0-1 | F38: 2 | G38: 45879 | L38: 1 | M38: 0 | N38: 1-2 min | O38: Cable Wrist Curl | P38: N/A | Q38: Smooth, controlled reps.
C39: DB Wrist Extension | D39: N/A | E39: 0-1 | F39: 2 | G39: 45879 | L39: 1 | M39: 0 | N39: 1-2 min | O39: Cable Wrist Extension | P39: N/A | Q39: Smooth, controlled reps.
C40: Alternating DB Curl | D40: N/A | E40: 0-1 | F40: 1 | G40: 45816 | L40: 0 | M40: N/A | N40: 1-2 min | O40: Barbell Curl | P40: EZ-Bar Curl | Q40: Slow, controlled reps!
C41: Machine Lateral Raise | D41: N/A | E41: 0-1 | F41: 2 | G41: 45879 | L41: 1 | M41: 0 | N41: 1-2 min | O41: High-Cable Lateral Raise | P41: DB Lateral Raise | Q41: Focus on squeezing your side delt to move the weight.
C42: Dead Hang (optional) | D42: N/A | E42: 0-1 | F42: 2 | G42: N/A | L42: 0 | M42: 0 | N42: 1-2 min | O42: N/A | P42: N/A | Q42: Try to add a few more seconds each week!
B43: 1-2 Rest Days
B46: Week 2 | C46: Exercise | D46: Last-Set Intensity Technique | E46: Warm-up Sets | F46: Working Sets | G46: Rep Range | H46: Tracking Load and Reps | L46: Failure? | N46: Rest | O46: Substitution Option 1 | P46: Substitution Option 2 | Q46: Notes
H47: Set 1 | J47: Set 2
H48: Load | I48: Reps | J48: Load | K48: Reps | L48: RIR (Set 1) | M48: RIR (Set 2)
B49: Full Body | C49: Lying Leg Curl | D49: N/A | E49: 45659 | F49: 2 | G49: 45816 | L49: 0 | M49: 0 | N49: 1-2 min | O49: Seated Leg Curl | P49: Nordic Ham Curl | Q49: Set the machine so that you get the biggest stretch possible at the bottom. Prevent your butt from popping up as you curl.
C50: Squat (Your Choice) | D50: N/A | E50: 45692 | F50: 2 | G50: 45816 | L50: 1 | M50: 0 | N50: 3-5 min | O50: See Notes | P50: See Notes | Q50: This can be a Barbell Back Squat, Barbell Front Squat, Pendulum Squat, Hack Squat, Belt Squat, or Smith Machine Squat.
C51: Barbell Incline Press | D51: N/A | E51: 45692 | F51: 2 | G51: 45816 | L51: 1 | M51: 0 | N51: 3-5 min | O51: Smith Machine Incline Press | P51: DB Incline Press | Q51: A 30° or 45° bench will work here. Pause for 1 second at the bottom of each rep while maintaining tension on the pecs.
C52: Incline DB Y-Raise | D52: N/A | E52: 0-1 | F52: 1 | G52: 45879 | L52: 0 | M52: N/A | N52: 1-2 min | O52: Cable Y-Raise | P52: Machine Lateral Raise | Q52: Use a 30° incline bench (back against the bench) and lift the weight up and out in a Y shape.
C53: Pull-Up (Wide Grip) | D53: N/A | E53: 45659 | F53: 2 | G53: 45816 | L53: 1 | M53: 0 | N53: 2-3 min | O53: Lat Pulldown (Wide Grip) | P53: 1-Arm Cable Pulldown | Q53: Control the negative and feel your lats pulling apart. Full ROM!
C54: Standing Calf Raise | D54: N/A | E54: 0-1 | F54: 1 | G54: 45816 | L54: 0 | M54: N/A | N54: 1-2 min | O54: Leg Press Calf Press | P54: Donkey Calf Raise | Q54: 1-2 second pause at the bottom of each rep. Instead of just going up onto your toes, think about rolling your ankle back and forth on the balls of your feet.
B55: 1-2 Rest Days
B56: Upper | C56: Close-Grip Lat Pulldown | D56: N/A | E56: 45691 | F56: 2 | G56: 45879 | L56: 1 | M56: 0 | N56: 2-3 min | O56: Close-Grip Pull-Up | P56: 1-Arm Cable Pulldown | Q56: Lean back by ~15° and drive your elbows down as you squeeze your shoulder blades together. This should feel like a mix of lats and mid-traps.
C57: Chest-Supported T-Bar Row | D57: N/A | E57: 45691 | F57: 2 | G57: 45879 | L57: 1 | M57: 0 | N57: 2-3 min | O57: Chest-Supported Machine Row | P57: Chest-Supported DB Row | Q57: Flare elbows out at roughly 45° and squeeze your shoulder blades together hard at the top of each rep.
C58: Machine Shrug | D58: N/A | E58: 45659 | F58: 1 | G58: 45816 | L58: 0 | M58: N/A | N58: 1-2 min | O58: Barbell Shrug | P58: Cable Shrug-In | Q58: Think about shrugging "up to your ears". Use straps, if possible.
C59: Machine Chest Press | D59: N/A | E59: 45692 | F59: 2 | G59: 45879 | L59: 1 | M59: 0 | N59: 3-5 min | O59: Smith Machine Bench Press | P59: DB Bench Press | Q59: 1 second pause at the bottom of each rep while maintaining tension on the pecs.
C60: High-Cable Lateral Raise | D60: N/A | E60: 0-1 | F60: 2 | G60: 45879 | L60: 0 | M60: 0 | N60: 1-2 min | O60: DB Lateral Raise | P60: Machine Lateral Raise | Q60: Set the cable at roughly hip height. Let your hand go slightly past your midline at the bottom of each rep to get a deep stretch on the side delt.
C61: 1-Arm Reverse Pec Deck | D61: N/A | E61: 0-1 | F61: 1 | G61: 45879 | L61: 0 | M61: N/A | N61: 1-2 min | O61: Lying Reverse DB Flye | P61: Reverse Cable Crossover | Q61: Sweep the weight out to create the largest semi-circle possible with your arm.
C62: Cable Crunch | D62: N/A | E62: 0-1 | F62: 2 | G62: 45816 | L62: 0 | M62: 0 | N62: 1-2 min | O62: Weighted Crunch | P62: Machine Crunch | Q62: Round your lower back as you crunch. Maintain a mind-muscle connection with your 6-pack.
B63: Lower | C63: Leg Extension | D63: N/A | E63: 45659 | F63: 2 | G63: 45879 | L63: 0 | M63: 0 | N63: 1-2 min | O63: Reverse Nordic | P63: Sissy Squat | Q63: Set the seat back as far as it will go while still feeling comfortable. Grab the handles as hard as you can to pull your butt down into the seat (using straps can help here).
C64: Barbell RDL | D64: N/A | E64: 45691 | F64: 2 | G64: 45816 | L64: 2 | M64: 1 | N64: 2-3 min | O64: DB RDL | P64: Seated Cable Deadlift | Q64: Stick your glutes straight back as you lower the bar straight down, centered over the middle of your foot. Get a nice deep stretch at the bottom, but keep your spine neutral (don't round forward).
C65: Machine Hip Thrust | D65: N/A | E65: 45692 | F65: 2 | G65: 45816 | L65: 1 | M65: 0 | N65: 2-3 min | O65: Barbell Hip Thrust | P65: 45° Hyperextension | Q65: Squeeze your glutes hard at the top and control the weight on the way down.
C66: Leg Press | D66: N/A | E66: 45692 | F66: 1 | G66: 45816 | L66: 0 | M66: N/A | N66: 2-3 min | O66: Smith Machine Squat | P66: Barbell Squat | Q66: Feet lower on the platform for more quad focus. Get as deep as you can without excessive back rounding.
C67: Standing Calf Raise | D67: N/A | E67: 0-1 | F67: 2 | G67: 45879 | L67: 0 | M67: 0 | N67: 1-2 min | O67: Leg Press Calf Press | P67: Donkey Calf Raise | Q67: 1-2 second pause at the bottom of each rep. Instead of just going up onto your toes, think about rolling your ankle back and forth on the balls of your feet.
B68: Arms/Delts | C68: Bayesian Cable Curl | D68: N/A | E68: 0-1 | F68: 2 | G68: 45816 | L68: 0 | M68: 0 | N68: 1-2 min | O68: Incline DB Curl | P68: Standing DB Curl | Q68: As you curl, optionally lean forward to prevent the cable from hitting your wrist at the top. Control the negative and feel a deep stretch at the bottom of each rep.
C69: Overhead Cable Triceps Extension | D69: N/A | E69: 0-1 | F69: 2 | G69: 45879 | L69: 0 | M69: 0 | N69: 1-2 min | O69: Overhead DB Triceps Extension | P69: Skull Crusher | Q69: Feel a deep stretch on the triceps throughout the entire negative.
C70: Modified Zottman Curl | D70: N/A | E70: 0-1 | F70: 1 | G70: 45879 | L70: 0 | M70: N/A | N70: 1-2 min | O70: DB Hammer Curl | P70: Preacher Hammer Curl | Q70: Hammer curl on the way up and supinated curl (palms up) on the way down.
C71: Cable Triceps Kickback | D71: N/A | E71: 0-1 | F71: 2 | G71: 45879 | L71: 0 | M71: 0 | N71: 1-2 min | O71: Seated Dip Machine | P71: Close-Grip Dip | Q71: Keep your upper arm behind your torso throughout the ROM.
C72: DB Wrist Curl | D72: N/A | E72: 0-1 | F72: 2 | G72: 45879 | L72: 0 | M72: 0 | N72: 1-2 min | O72: Cable Wrist Curl | P72: N/A | Q72: Smooth, controlled reps.
C73: DB Wrist Extension | D73: N/A | E73: 0-1 | F73: 2 | G73: 45879 | L73: 0 | M73: 0 | N73: 1-2 min | O73: Cable Wrist Extension | P73: N/A | Q73: Smooth, controlled reps.
C74: Alternating DB Curl | D74: N/A | E74: 0-1 | F74: 1 | G74: 45816 | L74: 0 | M74: N/A | N74: 1-2 min | O74: Barbell Curl | P74: EZ-Bar Curl | Q74: Slow, controlled reps!
C75: Machine Lateral Raise | D75: N/A | E75: 0-1 | F75: 2 | G75: 45879 | L75: 0 | M75: 0 | N75: 1-2 min | O75: High-Cable Lateral Raise | P75: DB Lateral Raise | Q75: Focus on squeezing your side delt to move the weight.
C76: Dead Hang (optional) | D76: N/A | E76: 0-1 | F76: 2 | G76: N/A | L76: 0 | M76: 0 | N76: 1-2 min | O76: N/A | P76: N/A | Q76: Try to add a few more seconds each week!
B77: 1-2 Rest Days
B80: Week 3 | C80: Exercise | D80: Last-Set Intensity Technique | E80: Warm-up Sets | F80: Working Sets | G80: Rep Range | H80: Tracking Load and Reps | L80: Failure? | N80: Rest | O80: Substitution Option 1 | P80: Substitution Option 2 | Q80: Notes
H81: Set 1 | J81: Set 2
H82: Load | I82: Reps | J82: Load | K82: Reps | L82: RIR (Set 1) | M82: RIR (Set 2)
B83: Full Body | C83: Lying Leg Curl | D83: N/A | E83: 45659 | F83: 2 | G83: 45816 | L83: 0 | M83: 0 | N83: 1-2 min | O83: Seated Leg Curl | P83: Nordic Ham Curl | Q83: Set the machine so that you get the biggest stretch possible at the bottom. Prevent your butt from popping up as you curl.
C84: Squat (Your Choice) | D84: N/A | E84: 45692 | F84: 2 | G84: 45816 | L84: 1 | M84: 0 | N84: 3-5 min | O84: See Notes | P84: See Notes | Q84: This can be a Barbell Back Squat, Barbell Front Squat, Pendulum Squat, Hack Squat, Belt Squat, or Smith Machine Squat.
C85: Barbell Incline Press | D85: N/A | E85: 45692 | F85: 2 | G85: 45816 | L85: 1 | M85: 0 | N85: 3-5 min | O85: Smith Machine Incline Press | P85: DB Incline Press | Q85: A 30° or 45° bench will work here. Pause for 1 second at the bottom of each rep while maintaining tension on the pecs.
C86: Incline DB Y-Raise | D86: N/A | E86: 0-1 | F86: 1 | G86: 45879 | L86: 0 | M86: N/A | N86: 1-2 min | O86: Cable Y-Raise | P86: Machine Lateral Raise | Q86: Use a 30° incline bench (back against the bench) and lift the weight up and out in a Y shape.
C87: Pull-Up (Wide Grip) | D87: N/A | E87: 45659 | F87: 2 | G87: 45816 | L87: 1 | M87: 0 | N87: 2-3 min | O87: Lat Pulldown (Wide Grip) | P87: 1-Arm Cable Pulldown | Q87: Control the negative and feel your lats pulling apart. Full ROM!
C88: Standing Calf Raise | D88: N/A | E88: 0-1 | F88: 1 | G88: 45816 | L88: 0 | M88: N/A | N88: 1-2 min | O88: Leg Press Calf Press | P88: Donkey Calf Raise | Q88: 1-2 second pause at the bottom of each rep. Instead of just going up onto your toes, think about rolling your ankle back and forth on the balls of your feet.
B89: 1-2 Rest Days
B90: Upper | C90: Close-Grip Lat Pulldown | D90: N/A | E90: 45691 | F90: 2 | G90: 45879 | L90: 1 | M90: 0 | N90: 2-3 min | O90: Close-Grip Pull-Up | P90: 1-Arm Cable Pulldown | Q90: Lean back by ~15° and drive your elbows down as you squeeze your shoulder blades together. This should feel like a mix of lats and mid-traps.
C91: Chest-Supported T-Bar Row | D91: N/A | E91: 45691 | F91: 2 | G91: 45879 | L91: 1 | M91: 0 | N91: 2-3 min | O91: Chest-Supported Machine Row | P91: Chest-Supported DB Row | Q91: Flare elbows out at roughly 45° and squeeze your shoulder blades together hard at the top of each rep.
C92: Machine Shrug | D92: N/A | E92: 45659 | F92: 1 | G92: 45816 | L92: 0 | M92: N/A | N92: 1-2 min | O92: Barbell Shrug | P92: Cable Shrug-In | Q92: Think about shrugging "up to your ears". Use straps, if possible.
C93: Machine Chest Press | D93: N/A | E93: 45692 | F93: 2 | G93: 45879 | L93: 1 | M93: 0 | N93: 3-5 min | O93: Smith Machine Bench Press | P93: DB Bench Press | Q93: 1 second pause at the bottom of each rep while maintaining tension on the pecs.
C94: High-Cable Lateral Raise | D94: N/A | E94: 0-1 | F94: 2 | G94: 45879 | L94: 0 | M94: 0 | N94: 1-2 min | O94: DB Lateral Raise | P94: Machine Lateral Raise | Q94: Set the cable at roughly hip height. Let your hand go slightly past your midline at the bottom of each rep to get a deep stretch on the side delt.
C95: 1-Arm Reverse Pec Deck | D95: N/A | E95: 0-1 | F95: 1 | G95: 45879 | L95: 0 | M95: N/A | N95: 1-2 min | O95: Lying Reverse DB Flye | P95: Reverse Cable Crossover | Q95: Sweep the weight out to create the largest semi-circle possible with your arm.
C96: Cable Crunch | D96: N/A | E96: 0-1 | F96: 2 | G96: 45816 | L96: 0 | M96: 0 | N96: 1-2 min | O96: Weighted Crunch | P96: Machine Crunch | Q96: Round your lower back as you crunch. Maintain a mind-muscle connection with your 6-pack.
B97: Lower | C97: Leg Extension | D97: N/A | E97: 45659 | F97: 2 | G97: 45879 | L97: 0 | M97: 0 | N97: 1-2 min | O97: Reverse Nordic | P97: Sissy Squat | Q97: Set the seat back as far as it will go while still feeling comfortable. Grab the handles as hard as you can to pull your butt down into the seat (using straps can help here).
C98: Barbell RDL | D98: N/A | E98: 45691 | F98: 2 | G98: 45816 | L98: 2 | M98: 1 | N98: 2-3 min | O98: DB RDL | P98: Seated Cable Deadlift | Q98: Stick your glutes straight back as you lower the bar straight down, centered over the middle of your foot. Get a nice deep stretch at the bottom, but keep your spine neutral (don't round forward).
C99: Machine Hip Thrust | D99: N/A | E99: 45692 | F99: 2 | G99: 45816 | L99: 1 | M99: 0 | N99: 2-3 min | O99: Barbell Hip Thrust | P99: 45° Hyperextension | Q99: Squeeze your glutes hard at the top and control the weight on the way down.
C100: Leg Press | D100: N/A | E100: 45692 | F100: 1 | G100: 45816 | L100: 0 | M100: N/A | N100: 2-3 min | O100: Smith Machine Squat | P100: Barbell Squat | Q100: Feet lower on the platform for more quad focus. Get as deep as you can without excessive back rounding.
C101: Standing Calf Raise | D101: N/A | E101: 0-1 | F101: 2 | G101: 45879 | L101: 0 | M101: 0 | N101: 1-2 min | O101: Leg Press Calf Press | P101: Donkey Calf Raise | Q101: 1-2 second pause at the bottom of each rep. Instead of just going up onto your toes, think about rolling your ankle back and forth on the balls of your feet.
B102: Arms/Delts | C102: Bayesian Cable Curl | D102: N/A | E102: 0-1 | F102: 2 | G102: 45816 | L102: 0 | M102: 0 | N102: 1-2 min | O102: Incline DB Curl | P102: Standing DB Curl | Q102: As you curl, optionally lean forward to prevent the cable from hitting your wrist at the top. Control the negative and feel a deep stretch at the bottom of each rep.
C103: Overhead Cable Triceps Extension | D103: N/A | E103: 0-1 | F103: 2 | G103: 45879 | L103: 0 | M103: 0 | N103: 1-2 min | O103: Overhead DB Triceps Extension | P103: Skull Crusher | Q103: Feel a deep stretch on the triceps throughout the entire negative.
C104: Modified Zottman Curl | D104: N/A | E104: 0-1 | F104: 1 | G104: 45879 | L104: 0 | M104: N/A | N104: 1-2 min | O104: DB Hammer Curl | P104: Preacher Hammer Curl | Q104: Hammer curl on the way up and supinated curl (palms up) on the way down.
C105: Cable Triceps Kickback | D105: N/A | E105: 0-1 | F105: 2 | G105: 45879 | L105: 0 | M105: 0 | N105: 1-2 min | O105: Seated Dip Machine | P105: Close-Grip Dip | Q105: Keep your upper arm behind your torso throughout the ROM.
C106: DB Wrist Curl | D106: N/A | E106: 0-1 | F106: 2 | G106: 45879 | L106: 0 | M106: 0 | N106: 1-2 min | O106: Cable Wrist Curl | P106: N/A | Q106: Smooth, controlled reps.
C107: DB Wrist Extension | D107: N/A | E107: 0-1 | F107: 2 | G107: 45879 | L107: 0 | M107: 0 | N107: 1-2 min | O107: Cable Wrist Extension | P107: N/A | Q107: Smooth, controlled reps.
C108: Alternating DB Curl | D108: N/A | E108: 0-1 | F108: 1 | G108: 45816 | L108: 0 | M108: N/A | N108: 1-2 min | O108: Barbell Curl | P108: EZ-Bar Curl | Q108: Slow, controlled reps!
...

Sheet Analytics Dashboard
A1: 📊 ANALYTICS DASHBOARD
A2: 12-Week Training Program Analytics • Enter workout data in Week tabs to populate charts
A4: 📋 WEEKLY BODYWEIGHT LOG (Auto-populated from Week tabs)
A5: Week | B5: 1 | C5: 2 | D5: 3 | E5: 4 | F5: 5 | G5: 6 | H5: 7 | I5: 8 | J5: 9 | K5: 10 | L5: 11 | M5: 12
A6: Bodyweight (lbs) | B6: ='Week 1'!B39 -> 157.85 | C6: ='Week 2'!B39 -> 0 | D6: ='Week 3'!B39 -> 0 | E6: ='Week 4'!B39 -> 0 | F6: ='Week 5'!B39 -> 0 | G6: ='Week 6'!B39 -> 0 | H6: ='Week 7'!B39 -> 0 | I6: ='Week 8'!B39 -> 0 | J6: ='Week 9'!B39 -> 0 | K6: ='Week 10'!B39 -> 0 | L6: ='Week 11'!B39 -> 0 | M6: ='Week 12'!B39 -> 0
A8: 1️⃣ WEEKLY VOLUME TREND (Per Muscle Group)
A9: 📈 Chart Type: Stacked Area Chart | Shows total weekly training volume for each major muscle group. Helps identify progressive overload and muscle group imbalances.
A11: Muscle Group | B11: Wk 1 | C11: Wk 2 | D11: Wk 3 | E11: Wk 4 | F11: Wk 5 | G11: Wk 6 | H11: Wk 7 | I11: Wk 8 | J11: Wk 9 | K11: Wk 10 | L11: Wk 11 | M11: Wk 12
A12: Quads | B12: =IFERROR(SUMPRODUCT(('Week 1'!E6)*('Week 1'!F6)*('Week 1'!G6))+SUMPRODUCT(('Week 1'!E21)*('Week 1'!F21)*('Week 1'!G21))+SUMPRODUCT(('Week 1'!E24)*('Week 1'!F24)*('Week 1'!G24)), "") -> 1120 | C12: =IFERROR(SUMPRODUCT(('Week 2'!E6)*('Week 2'!F6)*('Week 2'!G6))+SUMPRODUCT(('Week 2'!E21)*('Week 2'!F21)*('Week 2'!G21))+SUMPRODUCT(('Week 2'!E24)*('Week 2'!F24)*('Week 2'!G24)), "") -> 0 | D12: =IFERROR(SUMPRODUCT(('Week 3'!E6)*('Week 3'!F6)*('Week 3'!G6))+SUMPRODUCT(('Week 3'!E21)*('Week 3'!F21)*('Week 3'!G21))+SUMPRODUCT(('Week 3'!E24)*('Week 3'!F24)*('Week 3'!G24)), "") -> 0 | E12: =IFERROR(SUMPRODUCT(('Week 4'!E6)*('Week 4'!F6)*('Week 4'!G6))+SUMPRODUCT(('Week 4'!E21)*('Week 4'!F21)*('Week 4'!G21))+SUMPRODUCT(('Week 4'!E24)*('Week 4'!F24)*('Week 4'!G24)), "") -> 0 | F12: =IFERROR(SUMPRODUCT(('Week 5'!E6)*('Week 5'!F6)*('Week 5'!G6))+SUMPRODUCT(('Week 5'!E21)*('Week 5'!F21)*('Week 5'!G21))+SUMPRODUCT(('Week 5'!E24)*('Week 5'!F24)*('Week 5'!G24)), "") -> 0 | G12: =IFERROR(SUMPRODUCT(('Week 6'!E6)*('Week 6'!F6)*('Week 6'!G6))+SUMPRODUCT(('Week 6'!E21)*('Week 6'!F21)*('Week 6'!G21))+SUMPRODUCT(('Week 6'!E24)*('Week 6'!F24)*('Week 6'!G24)), "") -> 0 | H12: =IFERROR(SUMPRODUCT(('Week 7'!E6)*('Week 7'!F6)*('Week 7'!G6))+SUMPRODUCT(('Week 7'!E21)*('Week 7'!F21)*('Week 7'!G21))+SUMPRODUCT(('Week 7'!E24)*('Week 7'!F24)*('Week 7'!G24)), "") -> 0 | I12: =IFERROR(SUMPRODUCT(('Week 8'!E6)*('Week 8'!F6)*('Week 8'!G6))+SUMPRODUCT(('Week 8'!E21)*('Week 8'!F21)*('Week 8'!G21))+SUMPRODUCT(('Week 8'!E24)*('Week 8'!F24)*('Week 8'!G24)), "") -> 0 | J12: =IFERROR(SUMPRODUCT(('Week 9'!E6)*('Week 9'!F6)*('Week 9'!G6))+SUMPRODUCT(('Week 9'!E21)*('Week 9'!F21)*('Week 9'!G21))+SUMPRODUCT(('Week 9'!E24)*('Week 9'!F24)*('Week 9'!G24)), "") -> 0 | K12: =IFERROR(SUMPRODUCT(('Week 10'!E6)*('Week 10'!F6)*('Week 10'!G6))+SUMPRODUCT(('Week 10'!E21)*('Week 10'!F21)*('Week 10'!G21))+SUMPRODUCT(('Week 10'!E24)*('Week 10'!F24)*('Week 10'!G24)), "") -> 0 | L12: =IFERROR(SUMPRODUCT(('Week 11'!E6)*('Week 11'!F6)*('Week 11'!G6))+SUMPRODUCT(('Week 11'!E21)*('Week 11'!F21)*('Week 11'!G21))+SUMPRODUCT(('Week 11'!E24)*('Week 11'!F24)*('Week 11'!G24)), "") -> 0 | M12: =IFERROR(SUMPRODUCT(('Week 12'!E6)*('Week 12'!F6)*('Week 12'!G6))+SUMPRODUCT(('Week 12'!E21)*('Week 12'!F21)*('Week 12'!G21))+SUMPRODUCT(('Week 12'!E24)*('Week 12'!F24)*('Week 12'!G24)), "") -> 0
A13: Hamstrings | B13: =IFERROR(SUMPRODUCT(('Week 1'!E5)*('Week 1'!F5)*('Week 1'!G5))+SUMPRODUCT(('Week 1'!E22)*('Week 1'!F22)*('Week 1'!G22)), "") -> 2520 | C13: =IFERROR(SUMPRODUCT(('Week 2'!E5)*('Week 2'!F5)*('Week 2'!G5))+SUMPRODUCT(('Week 2'!E22)*('Week 2'!F22)*('Week 2'!G22)), "") -> 0 | D13: =IFERROR(SUMPRODUCT(('Week 3'!E5)*('Week 3'!F5)*('Week 3'!G5))+SUMPRODUCT(('Week 3'!E22)*('Week 3'!F22)*('Week 3'!G22)), "") -> 0 | E13: =IFERROR(SUMPRODUCT(('Week 4'!E5)*('Week 4'!F5)*('Week 4'!G5))+SUMPRODUCT(('Week 4'!E22)*('Week 4'!F22)*('Week 4'!G22)), "") -> 0 | F13: =IFERROR(SUMPRODUCT(('Week 5'!E5)*('Week 5'!F5)*('Week 5'!G5))+SUMPRODUCT(('Week 5'!E22)*('Week 5'!F22)*('Week 5'!G22)), "") -> 0 | G13: =IFERROR(SUMPRODUCT(('Week 6'!E5)*('Week 6'!F5)*('Week 6'!G5))+SUMPRODUCT(('Week 6'!E22)*('Week 6'!F22)*('Week 6'!G22)), "") -> 0 | H13: =IFERROR(SUMPRODUCT(('Week 7'!E5)*('Week 7'!F5)*('Week 7'!G5))+SUMPRODUCT(('Week 7'!E22)*('Week 7'!F22)*('Week 7'!G22)), "") -> 0 | I13: =IFERROR(SUMPRODUCT(('Week 8'!E5)*('Week 8'!F5)*('Week 8'!G5))+SUMPRODUCT(('Week 8'!E22)*('Week 8'!F22)*('Week 8'!G22)), "") -> 0 | J13: =IFERROR(SUMPRODUCT(('Week 9'!E5)*('Week 9'!F5)*('Week 9'!G5))+SUMPRODUCT(('Week 9'!E22)*('Week 9'!F22)*('Week 9'!G22)), "") -> 0 | K13: =IFERROR(SUMPRODUCT(('Week 10'!E5)*('Week 10'!F5)*('Week 10'!G5))+SUMPRODUCT(('Week 10'!E22)*('Week 10'!F22)*('Week 10'!G22)), "") -> 0 | L13: =IFERROR(SUMPRODUCT(('Week 11'!E5)*('Week 11'!F5)*('Week 11'!G5))+SUMPRODUCT(('Week 11'!E22)*('Week 11'!F22)*('Week 11'!G22)), "") -> 0 | M13: =IFERROR(SUMPRODUCT(('Week 12'!E5)*('Week 12'!F5)*('Week 12'!G5))+SUMPRODUCT(('Week 12'!E22)*('Week 12'!F22)*('Week 12'!G22)), "") -> 0
A14: Glutes | B14: =IFERROR(SUMPRODUCT(('Week 1'!E23)*('Week 1'!F23)*('Week 1'!G23)), "") -> 1040 | C14: =IFERROR(SUMPRODUCT(('Week 2'!E23)*('Week 2'!F23)*('Week 2'!G23)), "") -> 0 | D14: =IFERROR(SUMPRODUCT(('Week 3'!E23)*('Week 3'!F23)*('Week 3'!G23)), "") -> 0 | E14: =IFERROR(SUMPRODUCT(('Week 4'!E23)*('Week 4'!F23)*('Week 4'!G23)), "") -> 0 | F14: =IFERROR(SUMPRODUCT(('Week 5'!E23)*('Week 5'!F23)*('Week 5'!G23)), "") -> 0 | G14: =IFERROR(SUMPRODUCT(('Week 6'!E23)*('Week 6'!F23)*('Week 6'!G23)), "") -> 0 | H14: =IFERROR(SUMPRODUCT(('Week 7'!E23)*('Week 7'!F23)*('Week 7'!G23)), "") -> 0 | I14: =IFERROR(SUMPRODUCT(('Week 8'!E23)*('Week 8'!F23)*('Week 8'!G23)), "") -> 0 | J14: =IFERROR(SUMPRODUCT(('Week 9'!E23)*('Week 9'!F23)*('Week 9'!G23)), "") -> 0 | K14: =IFERROR(SUMPRODUCT(('Week 10'!E23)*('Week 10'!F23)*('Week 10'!G23)), "") -> 0 | L14: =IFERROR(SUMPRODUCT(('Week 11'!E23)*('Week 11'!F23)*('Week 11'!G23)), "") -> 0 | M14: =IFERROR(SUMPRODUCT(('Week 12'!E23)*('Week 12'!F23)*('Week 12'!G23)), "") -> 0
A15: Chest | B15: =IFERROR(SUMPRODUCT(('Week 1'!E7)*('Week 1'!F7)*('Week 1'!G7))+SUMPRODUCT(('Week 1'!E16)*('Week 1'!F16)*('Week 1'!G16)), "") -> 1840 | C15: =IFERROR(SUMPRODUCT(('Week 2'!E7)*('Week 2'!F7)*('Week 2'!G7))+SUMPRODUCT(('Week 2'!E16)*('Week 2'!F16)*('Week 2'!G16)), "") -> 0 | D15: =IFERROR(SUMPRODUCT(('Week 3'!E7)*('Week 3'!F7)*('Week 3'!G7))+SUMPRODUCT(('Week 3'!E16)*('Week 3'!F16)*('Week 3'!G16)), "") -> 0 | E15: =IFERROR(SUMPRODUCT(('Week 4'!E7)*('Week 4'!F7)*('Week 4'!G7))+SUMPRODUCT(('Week 4'!E16)*('Week 4'!F16)*('Week 4'!G16)), "") -> 0 | F15: =IFERROR(SUMPRODUCT(('Week 5'!E7)*('Week 5'!F7)*('Week 5'!G7))+SUMPRODUCT(('Week 5'!E16)*('Week 5'!F16)*('Week 5'!G16)), "") -> 0 | G15: =IFERROR(SUMPRODUCT(('Week 6'!E7)*('Week 6'!F7)*('Week 6'!G7))+SUMPRODUCT(('Week 6'!E16)*('Week 6'!F16)*('Week 6'!G16)), "") -> 0 | H15: =IFERROR(SUMPRODUCT(('Week 7'!E7)*('Week 7'!F7)*('Week 7'!G7))+SUMPRODUCT(('Week 7'!E16)*('Week 7'!F16)*('Week 7'!G16)), "") -> 0 | I15: =IFERROR(SUMPRODUCT(('Week 8'!E7)*('Week 8'!F7)*('Week 8'!G7))+SUMPRODUCT(('Week 8'!E16)*('Week 8'!F16)*('Week 8'!G16)), "") -> 0 | J15: =IFERROR(SUMPRODUCT(('Week 9'!E7)*('Week 9'!F7)*('Week 9'!G7))+SUMPRODUCT(('Week 9'!E16)*('Week 9'!F16)*('Week 9'!G16)), "") -> 0 | K15: =IFERROR(SUMPRODUCT(('Week 10'!E7)*('Week 10'!F7)*('Week 10'!G7))+SUMPRODUCT(('Week 10'!E16)*('Week 10'!F16)*('Week 10'!G16)), "") -> 0 | L15: =IFERROR(SUMPRODUCT(('Week 11'!E7)*('Week 11'!F7)*('Week 11'!G7))+SUMPRODUCT(('Week 11'!E16)*('Week 11'!F16)*('Week 11'!G16)), "") -> 0 | M15: =IFERROR(SUMPRODUCT(('Week 12'!E7)*('Week 12'!F7)*('Week 12'!G7))+SUMPRODUCT(('Week 12'!E16)*('Week 12'!F16)*('Week 12'!G16)), "") -> 0
A16: Back | B16: =IFERROR(SUMPRODUCT(('Week 1'!E9)*('Week 1'!F9)*('Week 1'!G9))+SUMPRODUCT(('Week 1'!E13)*('Week 1'!F13)*('Week 1'!G13))+SUMPRODUCT(('Week 1'!E14)*('Week 1'!F14)*('Week 1'!G14))+SUMPRODUCT(('Week 1'!E15)*('Week 1'!F15)*('Week 1'!G15)), "") -> 4410 | C16: =IFERROR(SUMPRODUCT(('Week 2'!E9)*('Week 2'!F9)*('Week 2'!G9))+SUMPRODUCT(('Week 2'!E13)*('Week 2'!F13)*('Week 2'!G13))+SUMPRODUCT(('Week 2'!E14)*('Week 2'!F14)*('Week 2'!G14))+SUMPRODUCT(('Week 2'!E15)*('Week 2'!F15)*('Week 2'!G15)), "") -> 0 | D16: =IFERROR(SUMPRODUCT(('Week 3'!E9)*('Week 3'!F9)*('Week 3'!G9))+SUMPRODUCT(('Week 3'!E13)*('Week 3'!F13)*('Week 3'!G13))+SUMPRODUCT(('Week 3'!E14)*('Week 3'!F14)*('Week 3'!G14))+SUMPRODUCT(('Week 3'!E15)*('Week 3'!F15)*('Week 3'!G15)), "") -> 0 | E16: =IFERROR(SUMPRODUCT(('Week 4'!E9)*('Week 4'!F9)*('Week 4'!G9))+SUMPRODUCT(('Week 4'!E13)*('Week 4'!F13)*('Week 4'!G13))+SUMPRODUCT(('Week 4'!E14)*('Week 4'!F14)*('Week 4'!G14))+SUMPRODUCT(('Week 4'!E15)*('Week 4'!F15)*('Week 4'!G15)), "") -> 0 | F16: =IFERROR(SUMPRODUCT(('Week 5'!E9)*('Week 5'!F9)*('Week 5'!G9))+SUMPRODUCT(('Week 5'!E13)*('Week 5'!F13)*('Week 5'!G13))+SUMPRODUCT(('Week 5'!E14)*('Week 5'!F14)*('Week 5'!G14))+SUMPRODUCT(('Week 5'!E15)*('Week 5'!F15)*('Week 5'!G15)), "") -> 0 | G16: =IFERROR(SUMPRODUCT(('Week 6'!E9)*('Week 6'!F9)*('Week 6'!G9))+SUMPRODUCT(('Week 6'!E13)*('Week 6'!F13)*('Week 6'!G13))+SUMPRODUCT(('Week 6'!E14)*('Week 6'!F14)*('Week 6'!G14))+SUMPRODUCT(('Week 6'!E15)*('Week 6'!F15)*('Week 6'!G15)), "") -> 0 | H16: =IFERROR(SUMPRODUCT(('Week 7'!E9)*('Week 7'!F9)*('Week 7'!G9))+SUMPRODUCT(('Week 7'!E13)*('Week 7'!F13)*('Week 7'!G13))+SUMPRODUCT(('Week 7'!E14)*('Week 7'!F14)*('Week 7'!G14))+SUMPRODUCT(('Week 7'!E15)*('Week 7'!F15)*('Week 7'!G15)), "") -> 0 | I16: =IFERROR(SUMPRODUCT(('Week 8'!E9)*('Week 8'!F9)*('Week 8'!G9))+SUMPRODUCT(('Week 8'!E13)*('Week 8'!F13)*('Week 8'!G13))+SUMPRODUCT(('Week 8'!E14)*('Week 8'!F14)*('Week 8'!G14))+SUMPRODUCT(('Week 8'!E15)*('Week 8'!F15)*('Week 8'!G15)), "") -> 0 | J16: =IFERROR(SUMPRODUCT(('Week 9'!E9)*('Week 9'!F9)*('Week 9'!G9))+SUMPRODUCT(('Week 9'!E13)*('Week 9'!F13)*('Week 9'!G13))+SUMPRODUCT(('Week 9'!E14)*('Week 9'!F14)*('Week 9'!G14))+SUMPRODUCT(('Week 9'!E15)*('Week 9'!F15)*('Week 9'!G15)), "") -> 0 | K16: =IFERROR(SUMPRODUCT(('Week 10'!E9)*('Week 10'!F9)*('Week 10'!G9))+SUMPRODUCT(('Week 10'!E13)*('Week 10'!F13)*('Week 10'!G13))+SUMPRODUCT(('Week 10'!E14)*('Week 10'!F14)*('Week 10'!G14))+SUMPRODUCT(('Week 10'!E15)*('Week 10'!F15)*('Week 10'!G15)), "") -> 0 | L16: =IFERROR(SUMPRODUCT(('Week 11'!E9)*('Week 11'!F9)*('Week 11'!G9))+SUMPRODUCT(('Week 11'!E13)*('Week 11'!F13)*('Week 11'!G13))+SUMPRODUCT(('Week 11'!E14)*('Week 11'!F14)*('Week 11'!G14))+SUMPRODUCT(('Week 11'!E15)*('Week 11'!F15)*('Week 11'!G15)), "") -> 0 | M16: =IFERROR(SUMPRODUCT(('Week 12'!E9)*('Week 12'!F9)*('Week 12'!G9))+SUMPRODUCT(('Week 12'!E13)*('Week 12'!F13)*('Week 12'!G13))+SUMPRODUCT(('Week 12'!E14)*('Week 12'!F14)*('Week 12'!G14))+SUMPRODUCT(('Week 12'!E15)*('Week 12'!F15)*('Week 12'!G15)), "") -> 0
A17: Shoulders | B17: =IFERROR(SUMPRODUCT(('Week 1'!E8)*('Week 1'!F8)*('Week 1'!G8))+SUMPRODUCT(('Week 1'!E17)*('Week 1'!F17)*('Week 1'!G17))+SUMPRODUCT(('Week 1'!E18)*('Week 1'!F18)*('Week 1'!G18))+SUMPRODUCT(('Week 1'!E35)*('Week 1'!F35)*('Week 1'!G35)), "") -> 620 | C17: =IFERROR(SUMPRODUCT(('Week 2'!E8)*('Week 2'!F8)*('Week 2'!G8))+SUMPRODUCT(('Week 2'!E17)*('Week 2'!F17)*('Week 2'!G17))+SUMPRODUCT(('Week 2'!E18)*('Week 2'!F18)*('Week 2'!G18))+SUMPRODUCT(('Week 2'!E35)*('Week 2'!F35)*('Week 2'!G35)), "") -> 0 | D17: =IFERROR(SUMPRODUCT(('Week 3'!E8)*('Week 3'!F8)*('Week 3'!G8))+SUMPRODUCT(('Week 3'!E17)*('Week 3'!F17)*('Week 3'!G17))+SUMPRODUCT(('Week 3'!E18)*('Week 3'!F18)*('Week 3'!G18))+SUMPRODUCT(('Week 3'!E35)*('Week 3'!F35)*('Week 3'!G35)), "") -> 0 | E17: =IFERROR(SUMPRODUCT(('Week 4'!E8)*('Week 4'!F8)*('Week 4'!G8))+SUMPRODUCT(('Week 4'!E17)*('Week 4'!F17)*('Week 4'!G17))+SUMPRODUCT(('Week 4'!E18)*('Week 4'!F18)*('Week 4'!G18))+SUMPRODUCT(('Week 4'!E35)*('Week 4'!F35)*('Week 4'!G35)), "") -> 0 | F17: =IFERROR(SUMPRODUCT(('Week 5'!E8)*('Week 5'!F8)*('Week 5'!G8))+SUMPRODUCT(('Week 5'!E17)*('Week 5'!F17)*('Week 5'!G17))+SUMPRODUCT(('Week 5'!E18)*('Week 5'!F18)*('Week 5'!G18))+SUMPRODUCT(('Week 5'!E35)*('Week 5'!F35)*('Week 5'!G35)), "") -> 0 | G17: =IFERROR(SUMPRODUCT(('Week 6'!E8)*('Week 6'!F8)*('Week 6'!G8))+SUMPRODUCT(('Week 6'!E17)*('Week 6'!F17)*('Week 6'!G17))+SUMPRODUCT(('Week 6'!E18)*('Week 6'!F18)*('Week 6'!G18))+SUMPRODUCT(('Week 6'!E35)*('Week 6'!F35)*('Week 6'!G35)), "") -> 0 | H17: =IFERROR(SUMPRODUCT(('Week 7'!E8)*('Week 7'!F8)*('Week 7'!G8))+SUMPRODUCT(('Week 7'!E17)*('Week 7'!F17)*('Week 7'!G17))+SUMPRODUCT(('Week 7'!E18)*('Week 7'!F18)*('Week 7'!G18))+SUMPRODUCT(('Week 7'!E35)*('Week 7'!F35)*('Week 7'!G35)), "") -> 0 | I17: =IFERROR(SUMPRODUCT(('Week 8'!E8)*('Week 8'!F8)*('Week 8'!G8))+SUMPRODUCT(('Week 8'!E17)*('Week 8'!F17)*('Week 8'!G17))+SUMPRODUCT(('Week 8'!E18)*('Week 8'!F18)*('Week 8'!G18))+SUMPRODUCT(('Week 8'!E35)*('Week 8'!F35)*('Week 8'!G35)), "") -> 0 | J17: =IFERROR(SUMPRODUCT(('Week 9'!E8)*('Week 9'!F8)*('Week 9'!G8))+SUMPRODUCT(('Week 9'!E17)*('Week 9'!F17)*('Week 9'!G17))+SUMPRODUCT(('Week 9'!E18)*('Week 9'!F18)*('Week 9'!G18))+SUMPRODUCT(('Week 9'!E35)*('Week 9'!F35)*('Week 9'!G35)), "") -> 0 | K17: =IFERROR(SUMPRODUCT(('Week 10'!E8)*('Week 10'!F8)*('Week 10'!G8))+SUMPRODUCT(('Week 10'!E17)*('Week 10'!F17)*('Week 10'!G17))+SUMPRODUCT(('Week 10'!E18)*('Week 10'!F18)*('Week 10'!G18))+SUMPRODUCT(('Week 10'!E35)*('Week 10'!F35)*('Week 10'!G35)), "") -> 0 | L17: =IFERROR(SUMPRODUCT(('Week 11'!E8)*('Week 11'!F8)*('Week 11'!G8))+SUMPRODUCT(('Week 11'!E17)*('Week 11'!F17)*('Week 11'!G17))+SUMPRODUCT(('Week 11'!E18)*('Week 11'!F18)*('Week 11'!G18))+SUMPRODUCT(('Week 11'!E35)*('Week 11'!F35)*('Week 11'!G35)), "") -> 0 | M17: =IFERROR(SUMPRODUCT(('Week 12'!E8)*('Week 12'!F8)*('Week 12'!G8))+SUMPRODUCT(('Week 12'!E17)*('Week 12'!F17)*('Week 12'!G17))+SUMPRODUCT(('Week 12'!E18)*('Week 12'!F18)*('Week 12'!G18))+SUMPRODUCT(('Week 12'!E35)*('Week 12'!F35)*('Week 12'!G35)), "") -> 0
A18: Biceps | B18: =IFERROR(SUMPRODUCT(('Week 1'!E28)*('Week 1'!F28)*('Week 1'!G28))+SUMPRODUCT(('Week 1'!E30)*('Week 1'!F30)*('Week 1'!G30))+SUMPRODUCT(('Week 1'!E34)*('Week 1'!F34)*('Week 1'!G34)), "") -> 1475 | C18: =IFERROR(SUMPRODUCT(('Week 2'!E28)*('Week 2'!F28)*('Week 2'!G28))+SUMPRODUCT(('Week 2'!E30)*('Week 2'!F30)*('Week 2'!G30))+SUMPRODUCT(('Week 2'!E34)*('Week 2'!F34)*('Week 2'!G34)), "") -> 0 | D18: =IFERROR(SUMPRODUCT(('Week 3'!E28)*('Week 3'!F28)*('Week 3'!G28))+SUMPRODUCT(('Week 3'!E30)*('Week 3'!F30)*('Week 3'!G30))+SUMPRODUCT(('Week 3'!E34)*('Week 3'!F34)*('Week 3'!G34)), "") -> 0 | E18: =IFERROR(SUMPRODUCT(('Week 4'!E28)*('Week 4'!F28)*('Week 4'!G28))+SUMPRODUCT(('Week 4'!E30)*('Week 4'!F30)*('Week 4'!G30))+SUMPRODUCT(('Week 4'!E34)*('Week 4'!F34)*('Week 4'!G34)), "") -> 0 | F18: =IFERROR(SUMPRODUCT(('Week 5'!E28)*('Week 5'!F28)*('Week 5'!G28))+SUMPRODUCT(('Week 5'!E30)*('Week 5'!F30)*('Week 5'!G30))+SUMPRODUCT(('Week 5'!E34)*('Week 5'!F34)*('Week 5'!G34)), "") -> 0 | G18: =IFERROR(SUMPRODUCT(('Week 6'!E28)*('Week 6'!F28)*('Week 6'!G28))+SUMPRODUCT(('Week 6'!E30)*('Week 6'!F30)*('Week 6'!G30))+SUMPRODUCT(('Week 6'!E34)*('Week 6'!F34)*('Week 6'!G34)), "") -> 0 | H18: =IFERROR(SUMPRODUCT(('Week 7'!E28)*('Week 7'!F28)*('Week 7'!G28))+SUMPRODUCT(('Week 7'!E30)*('Week 7'!F30)*('Week 7'!G30))+SUMPRODUCT(('Week 7'!E34)*('Week 7'!F34)*('Week 7'!G34)), "") -> 0 | I18: =IFERROR(SUMPRODUCT(('Week 8'!E28)*('Week 8'!F28)*('Week 8'!G28))+SUMPRODUCT(('Week 8'!E30)*('Week 8'!F30)*('Week 8'!G30))+SUMPRODUCT(('Week 8'!E34)*('Week 8'!F34)*('Week 8'!G34)), "") -> 0 | J18: =IFERROR(SUMPRODUCT(('Week 9'!E28)*('Week 9'!F28)*('Week 9'!G28))+SUMPRODUCT(('Week 9'!E30)*('Week 9'!F30)*('Week 9'!G30))+SUMPRODUCT(('Week 9'!E34)*('Week 9'!F34)*('Week 9'!G34)), "") -> 0 | K18: =IFERROR(SUMPRODUCT(('Week 10'!E28)*('Week 10'!F28)*('Week 10'!G28))+SUMPRODUCT(('Week 10'!E30)*('Week 10'!F30)*('Week 10'!G30))+SUMPRODUCT(('Week 10'!E34)*('Week 10'!F34)*('Week 10'!G34)), "") -> 0 | L18: =IFERROR(SUMPRODUCT(('Week 11'!E28)*('Week 11'!F28)*('Week 11'!G28))+SUMPRODUCT(('Week 11'!E30)*('Week 11'!F30)*('Week 11'!G30))+SUMPRODUCT(('Week 11'!E34)*('Week 11'!F34)*('Week 11'!G34)), "") -> 0 | M18: =IFERROR(SUMPRODUCT(('Week 12'!E28)*('Week 12'!F28)*('Week 12'!G28))+SUMPRODUCT(('Week 12'!E30)*('Week 12'!F30)*('Week 12'!G30))+SUMPRODUCT(('Week 12'!E34)*('Week 12'!F34)*('Week 12'!G34)), "") -> 0
A19: Triceps | B19: =IFERROR(SUMPRODUCT(('Week 1'!E29)*('Week 1'!F29)*('Week 1'!G29))+SUMPRODUCT(('Week 1'!E31)*('Week 1'!F31)*('Week 1'!G31)), "") -> 670 | C19: =IFERROR(SUMPRODUCT(('Week 2'!E29)*('Week 2'!F29)*('Week 2'!G29))+SUMPRODUCT(('Week 2'!E31)*('Week 2'!F31)*('Week 2'!G31)), "") -> 0 | D19: =IFERROR(SUMPRODUCT(('Week 3'!E29)*('Week 3'!F29)*('Week 3'!G29))+SUMPRODUCT(('Week 3'!E31)*('Week 3'!F31)*('Week 3'!G31)), "") -> 0 | E19: =IFERROR(SUMPRODUCT(('Week 4'!E29)*('Week 4'!F29)*('Week 4'!G29))+SUMPRODUCT(('Week 4'!E31)*('Week 4'!F31)*('Week 4'!G31)), "") -> 0 | F19: =IFERROR(SUMPRODUCT(('Week 5'!E29)*('Week 5'!F29)*('Week 5'!G29))+SUMPRODUCT(('Week 5'!E31)*('Week 5'!F31)*('Week 5'!G31)), "") -> 0 | G19: =IFERROR(SUMPRODUCT(('Week 6'!E29)*('Week 6'!F29)*('Week 6'!G29))+SUMPRODUCT(('Week 6'!E31)*('Week 6'!F31)*('Week 6'!G31)), "") -> 0 | H19: =IFERROR(SUMPRODUCT(('Week 7'!E29)*('Week 7'!F29)*('Week 7'!G29))+SUMPRODUCT(('Week 7'!E31)*('Week 7'!F31)*('Week 7'!G31)), "") -> 0 | I19: =IFERROR(SUMPRODUCT(('Week 8'!E29)*('Week 8'!F29)*('Week 8'!G29))+SUMPRODUCT(('Week 8'!E31)*('Week 8'!F31)*('Week 8'!G31)), "") -> 0 | J19: =IFERROR(SUMPRODUCT(('Week 9'!E29)*('Week 9'!F29)*('Week 9'!G29))+SUMPRODUCT(('Week 9'!E31)*('Week 9'!F31)*('Week 9'!G31)), "") -> 0 | K19: =IFERROR(SUMPRODUCT(('Week 10'!E29)*('Week 10'!F29)*('Week 10'!G29))+SUMPRODUCT(('Week 10'!E31)*('Week 10'!F31)*('Week 10'!G31)), "") -> 0 | L19: =IFERROR(SUMPRODUCT(('Week 11'!E29)*('Week 11'!F29)*('Week 11'!G29))+SUMPRODUCT(('Week 11'!E31)*('Week 11'!F31)*('Week 11'!G31)), "") -> 0 | M19: =IFERROR(SUMPRODUCT(('Week 12'!E29)*('Week 12'!F29)*('Week 12'!G29))+SUMPRODUCT(('Week 12'!E31)*('Week 12'!F31)*('Week 12'!G31)), "") -> 0
A20: Calves | B20: =IFERROR(SUMPRODUCT(('Week 1'!E10)*('Week 1'!F10)*('Week 1'!G10))+SUMPRODUCT(('Week 1'!E25)*('Week 1'!F25)*('Week 1'!G25)), "") -> 2880 | C20: =IFERROR(SUMPRODUCT(('Week 2'!E10)*('Week 2'!F10)*('Week 2'!G10))+SUMPRODUCT(('Week 2'!E25)*('Week 2'!F25)*('Week 2'!G25)), "") -> 0 | D20: =IFERROR(SUMPRODUCT(('Week 3'!E10)*('Week 3'!F10)*('Week 3'!G10))+SUMPRODUCT(('Week 3'!E25)*('Week 3'!F25)*('Week 3'!G25)), "") -> 0 | E20: =IFERROR(SUMPRODUCT(('Week 4'!E10)*('Week 4'!F10)*('Week 4'!G10))+SUMPRODUCT(('Week 4'!E25)*('Week 4'!F25)*('Week 4'!G25)), "") -> 0 | F20: =IFERROR(SUMPRODUCT(('Week 5'!E10)*('Week 5'!F10)*('Week 5'!G10))+SUMPRODUCT(('Week 5'!E25)*('Week 5'!F25)*('Week 5'!G25)), "") -> 0 | G20: =IFERROR(SUMPRODUCT(('Week 6'!E10)*('Week 6'!F10)*('Week 6'!G10))+SUMPRODUCT(('Week 6'!E25)*('Week 6'!F25)*('Week 6'!G25)), "") -> 0 | H20: =IFERROR(SUMPRODUCT(('Week 7'!E10)*('Week 7'!F10)*('Week 7'!G10))+SUMPRODUCT(('Week 7'!E25)*('Week 7'!F25)*('Week 7'!G25)), "") -> 0 | I20: =IFERROR(SUMPRODUCT(('Week 8'!E10)*('Week 8'!F10)*('Week 8'!G10))+SUMPRODUCT(('Week 8'!E25)*('Week 8'!F25)*('Week 8'!G25)), "") -> 0 | J20: =IFERROR(SUMPRODUCT(('Week 9'!E10)*('Week 9'!F10)*('Week 9'!G10))+SUMPRODUCT(('Week 9'!E25)*('Week 9'!F25)*('Week 9'!G25)), "") -> 0 | K20: =IFERROR(SUMPRODUCT(('Week 10'!E10)*('Week 10'!F10)*('Week 10'!G10))+SUMPRODUCT(('Week 10'!E25)*('Week 10'!F25)*('Week 10'!G25)), "") -> 0 | L20: =IFERROR(SUMPRODUCT(('Week 11'!E10)*('Week 11'!F10)*('Week 11'!G10))+SUMPRODUCT(('Week 11'!E25)*('Week 11'!F25)*('Week 11'!G25)), "") -> 0 | M20: =IFERROR(SUMPRODUCT(('Week 12'!E10)*('Week 12'!F10)*('Week 12'!G10))+SUMPRODUCT(('Week 12'!E25)*('Week 12'!F25)*('Week 12'!G25)), "") -> 0
A21: 💡 Volume = Working Sets × Working Reps × Working Weight. Enter data in weekly tabs to auto-calculate.
A23: 2️⃣ STRENGTH PROGRESSION (Estimated 1RM)
A24: 📈 Chart Type: Line Chart | Tracks estimated 1RM for the main lifts to show strength progression over the 12-week block. Formula: Weight × (1 + Reps/30)
A26: Main Lift | B26: Wk 1 | C26: Wk 2 | D26: Wk 3 | E26: Wk 4 | F26: Wk 5 | G26: Wk 6 | H26: Wk 7 | I26: Wk 8 | J26: Wk 9 | K26: Wk 10 | L26: Wk 11 | M26: Wk 12
A27: Squat (Your Choice) | B27: =IFERROR(IF('Week 1'!F6<>"", 'Week 1'!F6*(1+'Week 1'!G6/30), ""), "") -> 88.666667 | C27: =IFERROR(IF('Week 2'!F6<>"", 'Week 2'!F6*(1+'Week 2'!G6/30), ""), "") | D27: =IFERROR(IF('Week 3'!F6<>"", 'Week 3'!F6*(1+'Week 3'!G6/30), ""), "") | E27: =IFERROR(IF('Week 4'!F6<>"", 'Week 4'!F6*(1+'Week 4'!G6/30), ""), "") | F27: =IFERROR(IF('Week 5'!F6<>"", 'Week 5'!F6*(1+'Week 5'!G6/30), ""), "") | G27: =IFERROR(IF('Week 6'!F6<>"", 'Week 6'!F6*(1+'Week 6'!G6/30), ""), "") | H27: =IFERROR(IF('Week 7'!F6<>"", 'Week 7'!F6*(1+'Week 7'!G6/30), ""), "") | I27: =IFERROR(IF('Week 8'!F6<>"", 'Week 8'!F6*(1+'Week 8'!G6/30), ""), "") | J27: =IFERROR(IF('Week 9'!F6<>"", 'Week 9'!F6*(1+'Week 9'!G6/30), ""), "") | K27: =IFERROR(IF('Week 10'!F6<>"", 'Week 10'!F6*(1+'Week 10'!G6/30), ""), "") | L27: =IFERROR(IF('Week 11'!F6<>"", 'Week 11'!F6*(1+'Week 11'!G6/30), ""), "") | M27: =IFERROR(IF('Week 12'!F6<>"", 'Week 12'!F6*(1+'Week 12'!G6/30), ""), "")
A28: Barbell Incline Press | B28: =IFERROR(IF('Week 1'!F7<>"", 'Week 1'!F7*(1+'Week 1'!G7/30), ""), "") -> 31.666667 | C28: =IFERROR(IF('Week 2'!F7<>"", 'Week 2'!F7*(1+'Week 2'!G7/30), ""), "") | D28: =IFERROR(IF('Week 3'!F7<>"", 'Week 3'!F7*(1+'Week 3'!G7/30), ""), "") | E28: =IFERROR(IF('Week 4'!F7<>"", 'Week 4'!F7*(1+'Week 4'!G7/30), ""), "") | F28: =IFERROR(IF('Week 5'!F7<>"", 'Week 5'!F7*(1+'Week 5'!G7/30), ""), "") | G28: =IFERROR(IF('Week 6'!F7<>"", 'Week 6'!F7*(1+'Week 6'!G7/30), ""), "") | H28: =IFERROR(IF('Week 7'!F7<>"", 'Week 7'!F7*(1+'Week 7'!G7/30), ""), "") | I28: =IFERROR(IF('Week 8'!F7<>"", 'Week 8'!F7*(1+'Week 8'!G7/30), ""), "") | J28: =IFERROR(IF('Week 9'!F7<>"", 'Week 9'!F7*(1+'Week 9'!G7/30), ""), "") | K28: =IFERROR(IF('Week 10'!F7<>"", 'Week 10'!F7*(1+'Week 10'!G7/30), ""), "") | L28: =IFERROR(IF('Week 11'!F7<>"", 'Week 11'!F7*(1+'Week 11'!G7/30), ""), "") | M28: =IFERROR(IF('Week 12'!F7<>"", 'Week 12'!F7*(1+'Week 12'!G7/30), ""), "")
A29: Barbell RDL | B29: =IFERROR(IF('Week 1'!F22<>"", 'Week 1'!F22*(1+'Week 1'!G22/30), ""), "") -> 93.333333 | C29: =IFERROR(IF('Week 2'!F22<>"", 'Week 2'!F22*(1+'Week 2'!G22/30), ""), "") | D29: =IFERROR(IF('Week 3'!F22<>"", 'Week 3'!F22*(1+'Week 3'!G22/30), ""), "") | E29: =IFERROR(IF('Week 4'!F22<>"", 'Week 4'!F22*(1+'Week 4'!G22/30), ""), "") | F29: =IFERROR(IF('Week 5'!F22<>"", 'Week 5'!F22*(1+'Week 5'!G22/30), ""), "") | G29: =IFERROR(IF('Week 6'!F22<>"", 'Week 6'!F22*(1+'Week 6'!G22/30), ""), "") | H29: =IFERROR(IF('Week 7'!F22<>"", 'Week 7'!F22*(1+'Week 7'!G22/30), ""), "") | I29: =IFERROR(IF('Week 8'!F22<>"", 'Week 8'!F22*(1+'Week 8'!G22/30), ""), "") | J29: =IFERROR(IF('Week 9'!F22<>"", 'Week 9'!F22*(1+'Week 9'!G22/30), ""), "") | K29: =IFERROR(IF('Week 10'!F22<>"", 'Week 10'!F22*(1+'Week 10'!G22/30), ""), "") | L29: =IFERROR(IF('Week 11'!F22<>"", 'Week 11'!F22*(1+'Week 11'!G22/30), ""), "") | M29: =IFERROR(IF('Week 12'!F22<>"", 'Week 12'!F22*(1+'Week 12'!G22/30), ""), "")
A30: Leg Press | B30: =IFERROR(IF('Week 1'!F24<>"", 'Week 1'!F24*(1+'Week 1'!G24/30), ""), "") | C30: =IFERROR(IF('Week 2'!F24<>"", 'Week 2'!F24*(1+'Week 2'!G24/30), ""), "") | D30: =IFERROR(IF('Week 3'!F24<>"", 'Week 3'!F24*(1+'Week 3'!G24/30), ""), "") | E30: =IFERROR(IF('Week 4'!F24<>"", 'Week 4'!F24*(1+'Week 4'!G24/30), ""), "") | F30: =IFERROR(IF('Week 5'!F24<>"", 'Week 5'!F24*(1+'Week 5'!G24/30), ""), "") | G30: =IFERROR(IF('Week 6'!F24<>"", 'Week 6'!F24*(1+'Week 6'!G24/30), ""), "") | H30: =IFERROR(IF('Week 7'!F24<>"", 'Week 7'!F24*(1+'Week 7'!G24/30), ""), "") | I30: =IFERROR(IF('Week 8'!F24<>"", 'Week 8'!F24*(1+'Week 8'!G24/30), ""), "") | J30: =IFERROR(IF('Week 9'!F24<>"", 'Week 9'!F24*(1+'Week 9'!G24/30), ""), "") | K30: =IFERROR(IF('Week 10'!F24<>"", 'Week 10'!F24*(1+'Week 10'!G24/30), ""), "") | L30: =IFERROR(IF('Week 11'!F24<>"", 'Week 11'!F24*(1+'Week 11'!G24/30), ""), "") | M30: =IFERROR(IF('Week 12'!F24<>"", 'Week 12'!F24*(1+'Week 12'!G24/30), ""), "")
A31: Pull-Up (Wide Grip) | B31: =IFERROR(IF('Week 1'!F9<>"", 'Week 1'!F9*(1+'Week 1'!G9/30), ""), "") -> 88.666667 | C31: =IFERROR(IF('Week 2'!F9<>"", 'Week 2'!F9*(1+'Week 2'!G9/30), ""), "") | D31: =IFERROR(IF('Week 3'!F9<>"", 'Week 3'!F9*(1+'Week 3'!G9/30), ""), "") | E31: =IFERROR(IF('Week 4'!F9<>"", 'Week 4'!F9*(1+'Week 4'!G9/30), ""), "") | F31: =IFERROR(IF('Week 5'!F9<>"", 'Week 5'!F9*(1+'Week 5'!G9/30), ""), "") | G31: =IFERROR(IF('Week 6'!F9<>"", 'Week 6'!F9*(1+'Week 6'!G9/30), ""), "") | H31: =IFERROR(IF('Week 7'!F9<>"", 'Week 7'!F9*(1+'Week 7'!G9/30), ""), "") | I31: =IFERROR(IF('Week 8'!F9<>"", 'Week 8'!F9*(1+'Week 8'!G9/30), ""), "") | J31: =IFERROR(IF('Week 9'!F9<>"", 'Week 9'!F9*(1+'Week 9'!G9/30), ""), "") | K31: =IFERROR(IF('Week 10'!F9<>"", 'Week 10'!F9*(1+'Week 10'!G9/30), ""), "") | L31: =IFERROR(IF('Week 11'!F9<>"", 'Week 11'!F9*(1+'Week 11'!G9/30), ""), "") | M31: =IFERROR(IF('Week 12'!F9<>"", 'Week 12'!F9*(1+'Week 12'!G9/30), ""), "")
A32: 💡 Estimated 1RM = Working Weight × (1 + Working Reps / 30). Epley formula for strength estimation.
A34: 3️⃣ REPS AT A GIVEN WEIGHT (Performance Consistency)
A35: 📈 Chart Type: Scatter Plot | Shows how many reps you perform at repeated weights. Increasing reps at the same weight indicates strength gains.
A37: Exercise | B37: Weight | C37: Reps (Earliest) | D37: Reps (Latest) | E37: Rep Gain
A38: Squat (Your Choice) | E38: =IF(AND(C38<>"",D38<>""),D38-C38,"")
A39: Barbell Incline Press | E39: =IF(AND(C39<>"",D39<>""),D39-C39,"")
A40: Barbell RDL | E40: =IF(AND(C40<>"",D40<>""),D40-C40,"")
A41: Leg Press | E41: =IF(AND(C41<>"",D41<>""),D41-C41,"")
A42: Pull-Up (Wide Grip) | E42: =IF(AND(C42<>"",D42<>""),D42-C42,"")
A43: 💡 Enter the weight you want to track and your earliest/latest rep counts at that weight. Rep Gain auto-calculates.
A45: 4️⃣ WEEKLY BODYWEIGHT TREND
A46: 📈 Chart Type: Line Chart | Displays weekly bodyweight to contextualize strength and volume changes. Data sourced from Bodyweight Log above (Row 6).
A48: Starting Weight | B48: Current Weight | C48: Change (lbs) | D48: Change (%) | E48: Average | F48: Min/Max
A49: =IF(B6<>"",B6,"-") -> 157.85 | B49: {=IF(COUNTA(B6:M6)>0,INDEX(B6:M6,1,COUNTA(B6:M6)),"-")} -> 0 | C49: =IF(AND(ISNUMBER(A49),ISNUMBER(B49)),B49-A49,"-") -> -157.85 | D49: =IF(AND(ISNUMBER(A49),ISNUMBER(C49)),C49/A49,"-") -> -1 | E49: =IF(COUNTA(B6:M6)>0,AVERAGE(B6:M6),"-") -> 13.154167 | F49: =IF(COUNTA(B6:M6)>0,MIN(B6:M6)&" / "&MAX(B6:M6),"-") -> 0 / 157.85
A50: 💡 Bodyweight is entered on each Week tab (row 39) and automatically pulled here. Stats auto-calculate.
A52: 5️⃣ STRENGTH-TO-BODYWEIGHT RATIO
A53: 📈 Chart Type: Dual-Axis Line Chart | Shows relative strength by comparing estimated 1RM to bodyweight. Higher ratio = stronger relative to size.
A55: Lift / Ratio | B55: Wk 1 | C55: Wk 2 | D55: Wk 3 | E55: Wk 4 | F55: Wk 5 | G55: Wk 6 | H55: Wk 7 | I55: Wk 8 | J55: Wk 9 | K55: Wk 10 | L55: Wk 11 | M55: Wk 12
A56: Squat 1RM:BW | B56: =IF(AND(B27<>"",B6<>""),B27/B6,"") -> 0.56171471 | C56: =IF(AND(C27<>"",C6<>""),C27/C6,"") | D56: =IF(AND(D27<>"",D6<>""),D27/D6,"") | E56: =IF(AND(E27<>"",E6<>""),E27/E6,"") | F56: =IF(AND(F27<>"",F6<>""),F27/F6,"") | G56: =IF(AND(G27<>"",G6<>""),G27/G6,"") | H56: =IF(AND(H27<>"",H6<>""),H27/H6,"") | I56: =IF(AND(I27<>"",I6<>""),I27/I6,"") | ... M56: =IF(AND(M27<>"",M6<>""),M27/M6,"")
A57: Bench 1RM:BW | B57: =IF(AND(B28<>"",B6<>""),B28/B6,"") -> 0.2006124 | C57: =IF(AND(C28<>"",C6<>""),C28/C6,"") | D57: =IF(AND(D28<>"",D6<>""),D28/D6,"") | E57: =IF(AND(E28<>"",E6<>""),E28/E6,"") | F57: =IF(AND(F28<>"",F6<>""),F28/F6,"") | G57: =IF(AND(G28<>"",G6<>""),G28/G6,"") | H57: =IF(AND(H28<>"",H6<>""),H28/H6,"") | I57: =IF(AND(I28<>"",I6<>""),I28/I6,"") | ... M57: =IF(AND(M28<>"",M6<>""),M28/M6,"")
A58: Deadlift 1RM:BW | B58: =IF(AND(B29<>"",B6<>""),B29/B6,"") -> 0.59127864 | C58: =IF(AND(C29<>"",C6<>""),C29/C6,"") | D58: =IF(AND(D29<>"",D6<>""),D29/D6,"") | E58: =IF(AND(E29<>"",E6<>""),E29/E6,"") | F58: =IF(AND(F29<>"",F6<>""),F29/F6,"") | G58: =IF(AND(G29<>"",G6<>""),G29/G6,"") | H58: =IF(AND(H29<>"",H6<>""),H29/H6,"") | I58: =IF(AND(I29<>"",I6<>""),I29/I6,"") | ... M58: =IF(AND(M29<>"",M6<>""),M29/M6,"")
A59: Combined Total:BW | B59: =IF(AND(SUM(B27:B29)>0,B6<>""),SUM(B27:B29)/B6,"") -> 1.3536057 | C59: =IF(AND(SUM(C27:C29)>0,C6<>""),SUM(C27:C29)/C6,"") | D59: =IF(AND(SUM(D27:D29)>0,D6<>""),SUM(D27:D29)/D6,"") | E59: =IF(AND(SUM(E27:E29)>0,E6<>""),SUM(E27:E29)/E6,"") | F59: =IF(AND(SUM(F27:F29)>0,F6<>""),SUM(F27:F29)/F6,"") | G59: =IF(AND(SUM(G27:G29)>0,G6<>""),SUM(G27:G29)/G6,"") | H59: =IF(AND(SUM(H27:H29)>0,H6<>""),SUM(H27:H29)/H6,"") | I59: =IF(AND(SUM(I27:I29)>0,I6<>""),SUM(I27:I29)/I6,"") | ... M59: =IF(AND(SUM(M27:M29)>0,M6<>""),SUM(M27:M29)/M6,"")
A60: 💡 Ratio = Estimated 1RM ÷ Bodyweight. A squat ratio of 1.5 means you can squat 1.5× your bodyweight.
A62: 6️⃣ WEEKLY PR TRACKER - Estimated 1RM Summary
A63: 📈 Chart: Select exercises and E1RM data (B65:N91), Insert → Line Chart for strength progression. Or select Total PRs row (B124:M124) → Column Chart for PR frequency by week.
A65: Exercise | B65: Wk1 | C65: Wk2 | D65: Wk3 | E65: Wk4 | F65: Wk5 | G65: Wk6 | H65: Wk7 | I65: Wk8 | J65: Wk9 | K65: Wk10 | L65: Wk11 | M65: Wk12 | N65: Best E1RM | O65: PR Week
A66: Lying Leg Curl | B66: =IF(OR('Week 1'!F4=0,'Week 1'!F4=""),"",ROUND('Week 1'!F4*(1+'Week 1'!G4/30),1)) | C66: =IF(OR('Week 2'!F4=0,'Week 2'!F4=""),"",ROUND('Week 2'!F4*(1+'Week 2'!G4/30),1)) | D66: =IF(OR('Week 3'!F4=0,'Week 3'!F4=""),"",ROUND('Week 3'!F4*(1+'Week 3'!G4/30),1)) | E66: =IF(OR('Week 4'!F4=0,'Week 4'!F4=""),"",ROUND('Week 4'!F4*(1+'Week 4'!G4/30),1)) | F66: =IF(OR('Week 5'!F4=0,'Week 5'!F4=""),"",ROUND('Week 5'!F4*(1+'Week 5'!G4/30),1)) | G66: =IF(OR('Week 6'!F4=0,'Week 6'!F4=""),"",ROUND('Week 6'!F4*(1+'Week 6'!G4/30),1)) | H66: =IF(OR('Week 7'!F4=0,'Week 7'!F4=""),"",ROUND('Week 7'!F4*(1+'Week 7'!G4/30),1)) | I66: =IF(OR('Week 8'!F4=0,'Week 8'!F4=""),"",ROUND('Week 8'!F4*(1+'Week 8'!G4/30),1)) | J66: =IF(OR('Week 9'!F4=0,'Week 9'!F4=""),"",ROUND('Week 9'!F4*(1+'Week 9'!G4/30),1)) | K66: =IF(OR('Week 10'!F4=0,'Week 10'!F4=""),"",ROUND('Week 10'!F4*(1+'Week 10'!G4/30),1)) | L66: =IF(OR('Week 11'!F4=0,'Week 11'!F4=""),"",ROUND('Week 11'!F4*(1+'Week 11'!G4/30),1)) | M66: =IF(OR('Week 12'!F4=0,'Week 12'!F4=""),"",ROUND('Week 12'!F4*(1+'Week 12'!G4/30),1)) | N66: =IF(MAX(B66:M66)=0,"",MAX(B66:M66)) | O66: =IF(N66="","",MATCH(N66,B66:M66,0))
A67: Hack Squat | B67: =IF(OR('Week 1'!F5=0,'Week 1'!F5=""),"",ROUND('Week 1'!F5*(1+'Week 1'!G5/30),1)) -> 88.7 | C67: =IF(OR('Week 2'!F5=0,'Week 2'!F5=""),"",ROUND('Week 2'!F5*(1+'Week 2'!G5/30),1)) | D67: =IF(OR('Week 3'!F5=0,'Week 3'!F5=""),"",ROUND('Week 3'!F5*(1+'Week 3'!G5/30),1)) | E67: =IF(OR('Week 4'!F5=0,'Week 4'!F5=""),"",ROUND('Week 4'!F5*(1+'Week 4'!G5/30),1)) | F67: =IF(OR('Week 5'!F5=0,'Week 5'!F5=""),"",ROUND('Week 5'!F5*(1+'Week 5'!G5/30),1)) | G67: =IF(OR('Week 6'!F5=0,'Week 6'!F5=""),"",ROUND('Week 6'!F5*(1+'Week 6'!G5/30),1)) | H67: =IF(OR('Week 7'!F5=0,'Week 7'!F5=""),"",ROUND('Week 7'!F5*(1+'Week 7'!G5/30),1)) | I67: =IF(OR('Week 8'!F5=0,'Week 8'!F5=""),"",ROUND('Week 8'!F5*(1+'Week 8'!G5/30),1)) | J67: =IF(OR('Week 9'!F5=0,'Week 9'!F5=""),"",ROUND('Week 9'!F5*(1+'Week 9'!G5/30),1)) | K67: =IF(OR('Week 10'!F5=0,'Week 10'!F5=""),"",ROUND('Week 10'!F5*(1+'Week 10'!G5/30),1)) | L67: =IF(OR('Week 11'!F5=0,'Week 11'!F5=""),"",ROUND('Week 11'!F5*(1+'Week 11'!G5/30),1)) | M67: =IF(OR('Week 12'!F5=0,'Week 12'!F5=""),"",ROUND('Week 12'!F5*(1+'Week 12'!G5/30),1)) | N67: =IF(MAX(B67:M67)=0,"",MAX(B67:M67)) -> 88.7 | O67: =IF(N67="","",MATCH(N67,B67:M67,0)) -> 1
A68: DB Incline Press | B68: =IF(OR('Week 1'!F6=0,'Week 1'!F6=""),"",ROUND('Week 1'!F6*(1+'Week 1'!G6/30),1)) -> 88.7 | C68: =IF(OR('Week 2'!F6=0,'Week 2'!F6=""),"",ROUND('Week 2'!F6*(1+'Week 2'!G6/30),1)) | D68: =IF(OR('Week 3'!F6=0,'Week 3'!F6=""),"",ROUND('Week 3'!F6*(1+'Week 3'!G6/30),1)) | E68: =IF(OR('Week 4'!F6=0,'Week 4'!F6=""),"",ROUND('Week 4'!F6*(1+'Week 4'!G6/30),1)) | F68: =IF(OR('Week 5'!F6=0,'Week 5'!F6=""),"",ROUND('Week 5'!F6*(1+'Week 5'!G6/30),1)) | G68: =IF(OR('Week 6'!F6=0,'Week 6'!F6=""),"",ROUND('Week 6'!F6*(1+'Week 6'!G6/30),1)) | H68: =IF(OR('Week 7'!F6=0,'Week 7'!F6=""),"",ROUND('Week 7'!F6*(1+'Week 7'!G6/30),1)) | I68: =IF(OR('Week 8'!F6=0,'Week 8'!F6=""),"",ROUND('Week 8'!F6*(1+'Week 8'!G6/30),1)) | J68: =IF(OR('Week 9'!F6=0,'Week 9'!F6=""),"",ROUND('Week 9'!F6*(1+'Week 9'!G6/30),1)) | K68: =IF(OR('Week 10'!F6=0,'Week 10'!F6=""),"",ROUND('Week 10'!F6*(1+'Week 10'!G6/30),1)) | L68: =IF(OR('Week 11'!F6=0,'Week 11'!F6=""),"",ROUND('Week 11'!F6*(1+'Week 11'!G6/30),1)) | M68: =IF(OR('Week 12'!F6=0,'Week 12'!F6=""),"",ROUND('Week 12'!F6*(1+'Week 12'!G6/30),1)) | N68: =IF(MAX(B68:M68)=0,"",MAX(B68:M68)) -> 88.7 | O68: =IF(N68="","",MATCH(N68,B68:M68,0)) -> 1
A69: Incline DB Y-Raise | B69: =IF(OR('Week 1'!F7=0,'Week 1'!F7=""),"",ROUND('Week 1'!F7*(1+'Week 1'!G7/30),1)) -> 31.7 | C69: =IF(OR('Week 2'!F7=0,'Week 2'!F7=""),"",ROUND('Week 2'!F7*(1+'Week 2'!G7/30),1)) | D69: =IF(OR('Week 3'!F7=0,'Week 3'!F7=""),"",ROUND('Week 3'!F7*(1+'Week 3'!G7/30),1)) | E69: =IF(OR('Week 4'!F7=0,'Week 4'!F7=""),"",ROUND('Week 4'!F7*(1+'Week 4'!G7/30),1)) | F69: =IF(OR('Week 5'!F7=0,'Week 5'!F7=""),"",ROUND('Week 5'!F7*(1+'Week 5'!G7/30),1)) | G69: =IF(OR('Week 6'!F7=0,'Week 6'!F7=""),"",ROUND('Week 6'!F7*(1+'Week 6'!G7/30),1)) | H69: =IF(OR('Week 7'!F7=0,'Week 7'!F7=""),"",ROUND('Week 7'!F7*(1+'Week 7'!G7/30),1)) | I69: =IF(OR('Week 8'!F7=0,'Week 8'!F7=""),"",ROUND('Week 8'!F7*(1+'Week 8'!G7/30),1)) | J69: =IF(OR('Week 9'!F7=0,'Week 9'!F7=""),"",ROUND('Week 9'!F7*(1+'Week 9'!G7/30),1)) | K69: =IF(OR('Week 10'!F7=0,'Week 10'!F7=""),"",ROUND('Week 10'!F7*(1+'Week 10'!G7/30),1)) | L69: =IF(OR('Week 11'!F7=0,'Week 11'!F7=""),"",ROUND('Week 11'!F7*(1+'Week 11'!G7/30),1)) | M69: =IF(OR('Week 12'!F7=0,'Week 12'!F7=""),"",ROUND('Week 12'!F7*(1+'Week 12'!G7/30),1)) | N69: =IF(MAX(B69:M69)=0,"",MAX(B69:M69)) -> 31.7 | O69: =IF(N69="","",MATCH(N69,B69:M69,0)) -> 1
A70: Pull-Up (Wide Grip) | B70: =IF(OR('Week 1'!F8=0,'Week 1'!F8=""),"",ROUND('Week 1'!F8*(1+'Week 1'!G8/30),1)) -> 9.5 | C70: =IF(OR('Week 2'!F8=0,'Week 2'!F8=""),"",ROUND('Week 2'!F8*(1+'Week 2'!G8/30),1)) | D70: =IF(OR('Week 3'!F8=0,'Week 3'!F8=""),"",ROUND('Week 3'!F8*(1+'Week 3'!G8/30),1)) | E70: =IF(OR('Week 4'!F8=0,'Week 4'!F8=""),"",ROUND('Week 4'!F8*(1+'Week 4'!G8/30),1)) | F70: =IF(OR('Week 5'!F8=0,'Week 5'!F8=""),"",ROUND('Week 5'!F8*(1+'Week 5'!G8/30),1)) | G70: =IF(OR('Week 6'!F8=0,'Week 6'!F8=""),"",ROUND('Week 6'!F8*(1+'Week 6'!G8/30),1)) | H70: =IF(OR('Week 7'!F8=0,'Week 7'!F8=""),"",ROUND('Week 7'!F8*(1+'Week 7'!G8/30),1)) | I70: =IF(OR('Week 8'!F8=0,'Week 8'!F8=""),"",ROUND('Week 8'!F8*(1+'Week 8'!G8/30),1)) | J70: =IF(OR('Week 9'!F8=0,'Week 9'!F8=""),"",ROUND('Week 9'!F8*(1+'Week 9'!G8/30),1)) | K70: =IF(OR('Week 10'!F8=0,'Week 10'!F8=""),"",ROUND('Week 10'!F8*(1+'Week 10'!G8/30),1)) | L70: =IF(OR('Week 11'!F8=0,'Week 11'!F8=""),"",ROUND('Week 11'!F8*(1+'Week 11'!G8/30),1)) | M70: =IF(OR('Week 12'!F8=0,'Week 12'!F8=""),"",ROUND('Week 12'!F8*(1+'Week 12'!G8/30),1)) | N70: =IF(MAX(B70:M70)=0,"",MAX(B70:M70)) -> 9.5 | O70: =IF(N70="","",MATCH(N70,B70:M70,0)) -> 1
A71: Standing Calf Raise (FB) | B71: =IF(OR('Week 1'!F9=0,'Week 1'!F9=""),"",ROUND('Week 1'!F9*(1+'Week 1'!G9/30),1)) -> 88.7 | C71: =IF(OR('Week 2'!F9=0,'Week 2'!F9=""),"",ROUND('Week 2'!F9*(1+'Week 2'!G9/30),1)) | D71: =IF(OR('Week 3'!F9=0,'Week 3'!F9=""),"",ROUND('Week 3'!F9*(1+'Week 3'!G9/30),1)) | E71: =IF(OR('Week 4'!F9=0,'Week 4'!F9=""),"",ROUND('Week 4'!F9*(1+'Week 4'!G9/30),1)) | F71: =IF(OR('Week 5'!F9=0,'Week 5'!F9=""),"",ROUND('Week 5'!F9*(1+'Week 5'!G9/30),1)) | G71: =IF(OR('Week 6'!F9=0,'Week 6'!F9=""),"",ROUND('Week 6'!F9*(1+'Week 6'!G9/30),1)) | H71: =IF(OR('Week 7'!F9=0,'Week 7'!F9=""),"",ROUND('Week 7'!F9*(1+'Week 7'!G9/30),1)) | I71: =IF(OR('Week 8'!F9=0,'Week 8'!F9=""),"",ROUND('Week 8'!F9*(1+'Week 8'!G9/30),1)) | J71: =IF(OR('Week 9'!F9=0,'Week 9'!F9=""),"",ROUND('Week 9'!F9*(1+'Week 9'!G9/30),1)) | K71: =IF(OR('Week 10'!F9=0,'Week 10'!F9=""),"",ROUND('Week 10'!F9*(1+'Week 10'!G9/30),1)) | L71: =IF(OR('Week 11'!F9=0,'Week 11'!F9=""),"",ROUND('Week 11'!F9*(1+'Week 11'!G9/30),1)) | M71: =IF(OR('Week 12'!F9=0,'Week 12'!F9=""),"",ROUND('Week 12'!F9*(1+'Week 12'!G9/30),1)) | N71: =IF(MAX(B71:M71)=0,"",MAX(B71:M71)) -> 88.7 | O71: =IF(N71="","",MATCH(N71,B71:M71,0)) -> 1
A72: Close-Grip Lat Pulldown | B72: =IF(OR('Week 1'!F13=0,'Week 1'!F13=""),"",ROUND('Week 1'!F13*(1+'Week 1'!G13/30),1)) -> 88.7 | C72: =IF(OR('Week 2'!F13=0,'Week 2'!F13=""),"",ROUND('Week 2'!F13*(1+'Week 2'!G13/30),1)) | D72: =IF(OR('Week 3'!F13=0,'Week 3'!F13=""),"",ROUND('Week 3'!F13*(1+'Week 3'!G13/30),1)) | E72: =IF(OR('Week 4'!F13=0,'Week 4'!F13=""),"",ROUND('Week 4'!F13*(1+'Week 4'!G13/30),1)) | F72: =IF(OR('Week 5'!F13=0,'Week 5'!F13=""),"",ROUND('Week 5'!F13*(1+'Week 5'!G13/30),1)) | G72: =IF(OR('Week 6'!F13=0,'Week 6'!F13=""),"",ROUND('Week 6'!F13*(1+'Week 6'!G13/30),1)) | H72: =IF(OR('Week 7'!F13=0,'Week 7'!F13=""),"",ROUND('Week 7'!F13*(1+'Week 7'!G13/30),1)) | I72: =IF(OR('Week 8'!F13=0,'Week 8'!F13=""),"",ROUND('Week 8'!F13*(1+'Week 8'!G13/30),1)) | J72: =IF(OR('Week 9'!F13=0,'Week 9'!F13=""),"",ROUND('Week 9'!F13*(1+'Week 9'!G13/30),1)) | K72: =IF(OR('Week 10'!F13=0,'Week 10'!F13=""),"",ROUND('Week 10'!F13*(1+'Week 10'!G13/30),1)) | L72: =IF(OR('Week 11'!F13=0,'Week 11'!F13=""),"",ROUND('Week 11'!F13*(1+'Week 11'!G13/30),1)) | M72: =IF(OR('Week 12'!F13=0,'Week 12'!F13=""),"",ROUND('Week 12'!F13*(1+'Week 12'!G13/30),1)) | N72: =IF(MAX(B72:M72)=0,"",MAX(B72:M72)) -> 88.7 | O72: =IF(N72="","",MATCH(N72,B72:M72,0)) -> 1
A73: Chest-Supported T-Bar Row | B73: =IF(OR('Week 1'!F14=0,'Week 1'!F14=""),"",ROUND('Week 1'!F14*(1+'Week 1'!G14/30),1)) -> 88.7 | C73: =IF(OR('Week 2'!F14=0,'Week 2'!F14=""),"",ROUND('Week 2'!F14*(1+'Week 2'!G14/30),1)) | D73: =IF(OR('Week 3'!F14=0,'Week 3'!F14=""),"",ROUND('Week 3'!F14*(1+'Week 3'!G14/30),1)) | E73: =IF(OR('Week 4'!F14=0,'Week 4'!F14=""),"",ROUND('Week 4'!F14*(1+'Week 4'!G14/30),1)) | F73: =IF(OR('Week 5'!F14=0,'Week 5'!F14=""),"",ROUND('Week 5'!F14*(1+'Week 5'!G14/30),1)) | G73: =IF(OR('Week 6'!F14=0,'Week 6'!F14=""),"",ROUND('Week 6'!F14*(1+'Week 6'!G14/30),1)) | H73: =IF(OR('Week 7'!F14=0,'Week 7'!F14=""),"",ROUND('Week 7'!F14*(1+'Week 7'!G14/30),1)) | I73: =IF(OR('Week 8'!F14=0,'Week 8'!F14=""),"",ROUND('Week 8'!F14*(1+'Week 8'!G14/30),1)) | J73: =IF(OR('Week 9'!F14=0,'Week 9'!F14=""),"",ROUND('Week 9'!F14*(1+'Week 9'!G14/30),1)) | K73: =IF(OR('Week 10'!F14=0,'Week 10'!F14=""),"",ROUND('Week 10'!F14*(1+'Week 10'!G14/30),1)) | L73: =IF(OR('Week 11'!F14=0,'Week 11'!F14=""),"",ROUND('Week 11'!F14*(1+'Week 11'!G14/30),1)) | M73: =IF(OR('Week 12'!F14=0,'Week 12'!F14=""),"",ROUND('Week 12'!F14*(1+'Week 12'!G14/30),1)) | N73: =IF(MAX(B73:M73)=0,"",MAX(B73:M73)) -> 88.7 | O73: =IF(N73="","",MATCH(N73,B73:M73,0)) -> 1
A74: Barbell Shrug | B74: =IF(OR('Week 1'!F15=0,'Week 1'!F15=""),"",ROUND('Week 1'!F15*(1+'Week 1'!G15/30),1)) -> 46.7 | C74: =IF(OR('Week 2'!F15=0,'Week 2'!F15=""),"",ROUND('Week 2'!F15*(1+'Week 2'!G15/30),1)) | D74: =IF(OR('Week 3'!F15=0,'Week 3'!F15=""),"",ROUND('Week 3'!F15*(1+'Week 3'!G15/30),1)) | E74: =IF(OR('Week 4'!F15=0,'Week 4'!F15=""),"",ROUND('Week 4'!F15*(1+'Week 4'!G15/30),1)) | F74: =IF(OR('Week 5'!F15=0,'Week 5'!F15=""),"",ROUND('Week 5'!F15*(1+'Week 5'!G15/30),1)) | G74: =IF(OR('Week 6'!F15=0,'Week 6'!F15=""),"",ROUND('Week 6'!F15*(1+'Week 6'!G15/30),1)) | H74: =IF(OR('Week 7'!F15=0,'Week 7'!F15=""),"",ROUND('Week 7'!F15*(1+'Week 7'!G15/30),1)) | I74: =IF(OR('Week 8'!F15=0,'Week 8'!F15=""),"",ROUND('Week 8'!F15*(1+'Week 8'!G15/30),1)) | J74: =IF(OR('Week 9'!F15=0,'Week 9'!F15=""),"",ROUND('Week 9'!F15*(1+'Week 9'!G15/30),1)) | K74: =IF(OR('Week 10'!F15=0,'Week 10'!F15=""),"",ROUND('Week 10'!F15*(1+'Week 10'!G15/30),1)) | L74: =IF(OR('Week 11'!F15=0,'Week 11'!F15=""),"",ROUND('Week 11'!F15*(1+'Week 11'!G15/30),1)) | M74: =IF(OR('Week 12'!F15=0,'Week 12'!F15=""),"",ROUND('Week 12'!F15*(1+'Week 12'!G15/30),1)) | N74: =IF(MAX(B74:M74)=0,"",MAX(B74:M74)) -> 46.7 | O74: =IF(N74="","",MATCH(N74,B74:M74,0)) -> 1
A75: Machine Chest Press | B75: =IF(OR('Week 1'!F16=0,'Week 1'!F16=""),"",ROUND('Week 1'!F16*(1+'Week 1'!G16/30),1)) -> 76 | C75: =IF(OR('Week 2'!F16=0,'Week 2'!F16=""),"",ROUND('Week 2'!F16*(1+'Week 2'!G16/30),1)) | D75: =IF(OR('Week 3'!F16=0,'Week 3'!F16=""),"",ROUND('Week 3'!F16*(1+'Week 3'!G16/30),1)) | E75: =IF(OR('Week 4'!F16=0,'Week 4'!F16=""),"",ROUND('Week 4'!F16*(1+'Week 4'!G16/30),1)) | F75: =IF(OR('Week 5'!F16=0,'Week 5'!F16=""),"",ROUND('Week 5'!F16*(1+'Week 5'!G16/30),1)) | G75: =IF(OR('Week 6'!F16=0,'Week 6'!F16=""),"",ROUND('Week 6'!F16*(1+'Week 6'!G16/30),1)) | H75: =IF(OR('Week 7'!F16=0,'Week 7'!F16=""),"",ROUND('Week 7'!F16*(1+'Week 7'!G16/30),1)) | I75: =IF(OR('Week 8'!F16=0,'Week 8'!F16=""),"",ROUND('Week 8'!F16*(1+'Week 8'!G16/30),1)) | J75: =IF(OR('Week 9'!F16=0,'Week 9'!F16=""),"",ROUND('Week 9'!F16*(1+'Week 9'!G16/30),1)) | K75: =IF(OR('Week 10'!F16=0,'Week 10'!F16=""),"",ROUND('Week 10'!F16*(1+'Week 10'!G16/30),1)) | L75: =IF(OR('Week 11'!F16=0,'Week 11'!F16=""),"",ROUND('Week 11'!F16*(1+'Week 11'!G16/30),1)) | M75: =IF(OR('Week 12'!F16=0,'Week 12'!F16=""),"",ROUND('Week 12'!F16*(1+'Week 12'!G16/30),1)) | N75: =IF(MAX(B75:M75)=0,"",MAX(B75:M75)) -> 76 | O75: =IF(N75="","",MATCH(N75,B75:M75,0)) -> 1
A76: High-Cable Lateral Raise | B76: =IF(OR('Week 1'!F17=0,'Week 1'!F17=""),"",ROUND('Week 1'!F17*(1+'Week 1'!G17/30),1)) -> 33.3 | C76: =IF(OR('Week 2'!F17=0,'Week 2'!F17=""),"",ROUND('Week 2'!F17*(1+'Week 2'!G17/30),1)) | D76: =IF(OR('Week 3'!F17=0,'Week 3'!F17=""),"",ROUND('Week 3'!F17*(1+'Week 3'!G17/30),1)) | E76: =IF(OR('Week 4'!F17=0,'Week 4'!F17=""),"",ROUND('Week 4'!F17*(1+'Week 4'!G17/30),1)) | F76: =IF(OR('Week 5'!F17=0,'Week 5'!F17=""),"",ROUND('Week 5'!F17*(1+'Week 5'!G17/30),1)) | G76: =IF(OR('Week 6'!F17=0,'Week 6'!F17=""),"",ROUND('Week 6'!F17*(1+'Week 6'!G17/30),1)) | H76: =IF(OR('Week 7'!F17=0,'Week 7'!F17=""),"",ROUND('Week 7'!F17*(1+'Week 7'!G17/30),1)) | I76: =IF(OR('Week 8'!F17=0,'Week 8'!F17=""),"",ROUND('Week 8'!F17*(1+'Week 8'!G17/30),1)) | J76: =IF(OR('Week 9'!F17=0,'Week 9'!F17=""),"",ROUND('Week 9'!F17*(1+'Week 9'!G17/30),1)) | K76: =IF(OR('Week 10'!F17=0,'Week 10'!F17=""),"",ROUND('Week 10'!F17*(1+'Week 10'!G17/30),1)) | L76: =IF(OR('Week 11'!F17=0,'Week 11'!F17=""),"",ROUND('Week 11'!F17*(1+'Week 11'!G17/30),1)) | M76: =IF(OR('Week 12'!F17=0,'Week 12'!F17=""),"",ROUND('Week 12'!F17*(1+'Week 12'!G17/30),1)) | N76: =IF(MAX(B76:M76)=0,"",MAX(B76:M76)) -> 33.3 | O76: =IF(N76="","",MATCH(N76,B76:M76,0)) -> 1
A77: 1-Arm Reverse Pec Deck | B77: =IF(OR('Week 1'!F18=0,'Week 1'!F18=""),"",ROUND('Week 1'!F18*(1+'Week 1'!G18/30),1)) | C77: =IF(OR('Week 2'!F18=0,'Week 2'!F18=""),"",ROUND('Week 2'!F18*(1+'Week 2'!G18/30),1)) | D77: =IF(OR('Week 3'!F18=0,'Week 3'!F18=""),"",ROUND('Week 3'!F18*(1+'Week 3'!G18/30),1)) | E77: =IF(OR('Week 4'!F18=0,'Week 4'!F18=""),"",ROUND('Week 4'!F18*(1+'Week 4'!G18/30),1)) | F77: =IF(OR('Week 5'!F18=0,'Week 5'!F18=""),"",ROUND('Week 5'!F18*(1+'Week 5'!G18/30),1)) | G77: =IF(OR('Week 6'!F18=0,'Week 6'!F18=""),"",ROUND('Week 6'!F18*(1+'Week 6'!G18/30),1)) | H77: =IF(OR('Week 7'!F18=0,'Week 7'!F18=""),"",ROUND('Week 7'!F18*(1+'Week 7'!G18/30),1)) | I77: =IF(OR('Week 8'!F18=0,'Week 8'!F18=""),"",ROUND('Week 8'!F18*(1+'Week 8'!G18/30),1)) | J77: =IF(OR('Week 9'!F18=0,'Week 9'!F18=""),"",ROUND('Week 9'!F18*(1+'Week 9'!G18/30),1)) | K77: =IF(OR('Week 10'!F18=0,'Week 10'!F18=""),"",ROUND('Week 10'!F18*(1+'Week 10'!G18/30),1)) | L77: =IF(OR('Week 11'!F18=0,'Week 11'!F18=""),"",ROUND('Week 11'!F18*(1+'Week 11'!G18/30),1)) | M77: =IF(OR('Week 12'!F18=0,'Week 12'!F18=""),"",ROUND('Week 12'!F18*(1+'Week 12'!G18/30),1)) | N77: =IF(MAX(B77:M77)=0,"",MAX(B77:M77)) | O77: =IF(N77="","",MATCH(N77,B77:M77,0))
A78: Machine Crunch | B78: =IF(OR('Week 1'!F19=0,'Week 1'!F19=""),"",ROUND('Week 1'!F19*(1+'Week 1'!G19/30),1)) | C78: =IF(OR('Week 2'!F19=0,'Week 2'!F19=""),"",ROUND('Week 2'!F19*(1+'Week 2'!G19/30),1)) | D78: =IF(OR('Week 3'!F19=0,'Week 3'!F19=""),"",ROUND('Week 3'!F19*(1+'Week 3'!G19/30),1)) | E78: =IF(OR('Week 4'!F19=0,'Week 4'!F19=""),"",ROUND('Week 4'!F19*(1+'Week 4'!G19/30),1)) | F78: =IF(OR('Week 5'!F19=0,'Week 5'!F19=""),"",ROUND('Week 5'!F19*(1+'Week 5'!G19/30),1)) | G78: =IF(OR('Week 6'!F19=0,'Week 6'!F19=""),"",ROUND('Week 6'!F19*(1+'Week 6'!G19/30),1)) | H78: =IF(OR('Week 7'!F19=0,'Week 7'!F19=""),"",ROUND('Week 7'!F19*(1+'Week 7'!G19/30),1)) | I78: =IF(OR('Week 8'!F19=0,'Week 8'!F19=""),"",ROUND('Week 8'!F19*(1+'Week 8'!G19/30),1)) | J78: =IF(OR('Week 9'!F19=0,'Week 9'!F19=""),"",ROUND('Week 9'!F19*(1+'Week 9'!G19/30),1)) | K78: =IF(OR('Week 10'!F19=0,'Week 10'!F19=""),"",ROUND('Week 10'!F19*(1+'Week 10'!G19/30),1)) | L78: =IF(OR('Week 11'!F19=0,'Week 11'!F19=""),"",ROUND('Week 11'!F19*(1+'Week 11'!G19/30),1)) | M78: =IF(OR('Week 12'!F19=0,'Week 12'!F19=""),"",ROUND('Week 12'!F19*(1+'Week 12'!G19/30),1)) | N78: =IF(MAX(B78:M78)=0,"",MAX(B78:M78)) | O78: =IF(N78="","",MATCH(N78,B78:M78,0))
A79: Leg Extension | B79: =IF(OR('Week 1'!F23=0,'Week 1'!F23=""),"",ROUND('Week 1'!F23*(1+'Week 1'!G23/30),1)) -> 82.3 | C79: =IF(OR('Week 2'!F23=0,'Week 2'!F23=""),"",ROUND('Week 2'!F23*(1+'Week 2'!G23/30),1)) | D79: =IF(OR('Week 3'!F23=0,'Week 3'!F23=""),"",ROUND('Week 3'!F23*(1+'Week 3'!G23/30),1)) | E79: =IF(OR('Week 4'!F23=0,'Week 4'!F23=""),"",ROUND('Week 4'!F23*(1+'Week 4'!G23/30),1)) | F79: =IF(OR('Week 5'!F23=0,'Week 5'!F23=""),"",ROUND('Week 5'!F23*(1+'Week 5'!G23/30),1)) | G79: =IF(OR('Week 6'!F23=0,'Week 6'!F23=""),"",ROUND('Week 6'!F23*(1+'Week 6'!G23/30),1)) | H79: =IF(OR('Week 7'!F23=0,'Week 7'!F23=""),"",ROUND('Week 7'!F23*(1+'Week 7'!G23/30),1)) | I79: =IF(OR('Week 8'!F23=0,'Week 8'!F23=""),"",ROUND('Week 8'!F23*(1+'Week 8'!G23/30),1)) | J79: =IF(OR('Week 9'!F23=0,'Week 9'!F23=""),"",ROUND('Week 9'!F23*(1+'Week 9'!G23/30),1)) | K79: =IF(OR('Week 10'!F23=0,'Week 10'!F23=""),"",ROUND('Week 10'!F23*(1+'Week 10'!G23/30),1)) | L79: =IF(OR('Week 11'!F23=0,'Week 11'!F23=""),"",ROUND('Week 11'!F23*(1+'Week 11'!G23/30),1)) | M79: =IF(OR('Week 12'!F23=0,'Week 12'!F23=""),"",ROUND('Week 12'!F23*(1+'Week 12'!G23/30),1)) | N79: =IF(MAX(B79:M79)=0,"",MAX(B79:M79)) -> 82.3 | O79: =IF(N79="","",MATCH(N79,B79:M79,0)) -> 1
A80: Barbell RDL | B80: =IF(OR('Week 1'!F24=0,'Week 1'!F24=""),"",ROUND('Week 1'!F24*(1+'Week 1'!G24/30),1)) | C80: =IF(OR('Week 2'!F24=0,'Week 2'!F24=""),"",ROUND('Week 2'!F24*(1+'Week 2'!G24/30),1)) | D80: =IF(OR('Week 3'!F24=0,'Week 3'!F24=""),"",ROUND('Week 3'!F24*(1+'Week 3'!G24/30),1)) | E80: =IF(OR('Week 4'!F24=0,'Week 4'!F24=""),"",ROUND('Week 4'!F24*(1+'Week 4'!G24/30),1)) | F80: =IF(OR('Week 5'!F24=0,'Week 5'!F24=""),"",ROUND('Week 5'!F24*(1+'Week 5'!G24/30),1)) | G80: =IF(OR('Week 6'!F24=0,'Week 6'!F24=""),"",ROUND('Week 6'!F24*(1+'Week 6'!G24/30),1)) | H80: =IF(OR('Week 7'!F24=0,'Week 7'!F24=""),"",ROUND('Week 7'!F24*(1+'Week 7'!G24/30),1)) | I80: =IF(OR('Week 8'!F24=0,'Week 8'!F24=""),"",ROUND('Week 8'!F24*(1+'Week 8'!G24/30),1)) | J80: =IF(OR('Week 9'!F24=0,'Week 9'!F24=""),"",ROUND('Week 9'!F24*(1+'Week 9'!G24/30),1)) | K80: =IF(OR('Week 10'!F24=0,'Week 10'!F24=""),"",ROUND('Week 10'!F24*(1+'Week 10'!G24/30),1)) | L80: =IF(OR('Week 11'!F24=0,'Week 11'!F24=""),"",ROUND('Week 11'!F24*(1+'Week 11'!G24/30),1)) | M80: =IF(OR('Week 12'!F24=0,'Week 12'!F24=""),"",ROUND('Week 12'!F24*(1+'Week 12'!G24/30),1)) | N80: =IF(MAX(B80:M80)=0,"",MAX(B80:M80)) | O80: =IF(N80="","",MATCH(N80,B80:M80,0))
A81: Machine Hip Thrust | B81: =IF(OR('Week 1'!F25=0,'Week 1'!F25=""),"",ROUND('Week 1'!F25*(1+'Week 1'!G25/30),1)) -> 228 | C81: =IF(OR('Week 2'!F25=0,'Week 2'!F25=""),"",ROUND('Week 2'!F25*(1+'Week 2'!G25/30),1)) | D81: =IF(OR('Week 3'!F25=0,'Week 3'!F25=""),"",ROUND('Week 3'!F25*(1+'Week 3'!G25/30),1)) | E81: =IF(OR('Week 4'!F25=0,'Week 4'!F25=""),"",ROUND('Week 4'!F25*(1+'Week 4'!G25/30),1)) | F81: =IF(OR('Week 5'!F25=0,'Week 5'!F25=""),"",ROUND('Week 5'!F25*(1+'Week 5'!G25/30),1)) | G81: =IF(OR('Week 6'!F25=0,'Week 6'!F25=""),"",ROUND('Week 6'!F25*(1+'Week 6'!G25/30),1)) | H81: =IF(OR('Week 7'!F25=0,'Week 7'!F25=""),"",ROUND('Week 7'!F25*(1+'Week 7'!G25/30),1)) | I81: =IF(OR('Week 8'!F25=0,'Week 8'!F25=""),"",ROUND('Week 8'!F25*(1+'Week 8'!G25/30),1)) | J81: =IF(OR('Week 9'!F25=0,'Week 9'!F25=""),"",ROUND('Week 9'!F25*(1+'Week 9'!G25/30),1)) | K81: =IF(OR('Week 10'!F25=0,'Week 10'!F25=""),"",ROUND('Week 10'!F25*(1+'Week 10'!G25/30),1)) | L81: =IF(OR('Week 11'!F25=0,'Week 11'!F25=""),"",ROUND('Week 11'!F25*(1+'Week 11'!G25/30),1)) | M81: =IF(OR('Week 12'!F25=0,'Week 12'!F25=""),"",ROUND('Week 12'!F25*(1+'Week 12'!G25/30),1)) | N81: =IF(MAX(B81:M81)=0,"",MAX(B81:M81)) -> 228 | O81: =IF(N81="","",MATCH(N81,B81:M81,0)) -> 1
A82: Leg Press | B82: =IF(OR('Week 1'!F26=0,'Week 1'!F26=""),"",ROUND('Week 1'!F26*(1+'Week 1'!G26/30),1)) -> 60 | C82: =IF(OR('Week 2'!F26=0,'Week 2'!F26=""),"",ROUND('Week 2'!F26*(1+'Week 2'!G26/30),1)) | D82: =IF(OR('Week 3'!F26=0,'Week 3'!F26=""),"",ROUND('Week 3'!F26*(1+'Week 3'!G26/30),1)) | E82: =IF(OR('Week 4'!F26=0,'Week 4'!F26=""),"",ROUND('Week 4'!F26*(1+'Week 4'!G26/30),1)) | F82: =IF(OR('Week 5'!F26=0,'Week 5'!F26=""),"",ROUND('Week 5'!F26*(1+'Week 5'!G26/30),1)) | G82: =IF(OR('Week 6'!F26=0,'Week 6'!F26=""),"",ROUND('Week 6'!F26*(1+'Week 6'!G26/30),1)) | H82: =IF(OR('Week 7'!F26=0,'Week 7'!F26=""),"",ROUND('Week 7'!F26*(1+'Week 7'!G26/30),1)) | I82: =IF(OR('Week 8'!F26=0,'Week 8'!F26=""),"",ROUND('Week 8'!F26*(1+'Week 8'!G26/30),1)) | J82: =IF(OR('Week 9'!F26=0,'Week 9'!F26=""),"",ROUND('Week 9'!F26*(1+'Week 9'!G26/30),1)) | K82: =IF(OR('Week 10'!F26=0,'Week 10'!F26=""),"",ROUND('Week 10'!F26*(1+'Week 10'!G26/30),1)) | L82: =IF(OR('Week 11'!F26=0,'Week 11'!F26=""),"",ROUND('Week 11'!F26*(1+'Week 11'!G26/30),1)) | M82: =IF(OR('Week 12'!F26=0,'Week 12'!F26=""),"",ROUND('Week 12'!F26*(1+'Week 12'!G26/30),1)) | N82: =IF(MAX(B82:M82)=0,"",MAX(B82:M82)) -> 60 | O82: =IF(N82="","",MATCH(N82,B82:M82,0)) -> 1
A83: Standing Calf Raise (Lower) | B83: =IF(OR('Week 1'!F27=0,'Week 1'!F27=""),"",ROUND('Week 1'!F27*(1+'Week 1'!G27/30),1)) | C83: =IF(OR('Week 2'!F27=0,'Week 2'!F27=""),"",ROUND('Week 2'!F27*(1+'Week 2'!G27/30),1)) | D83: =IF(OR('Week 3'!F27=0,'Week 3'!F27=""),"",ROUND('Week 3'!F27*(1+'Week 3'!G27/30),1)) | E83: =IF(OR('Week 4'!F27=0,'Week 4'!F27=""),"",ROUND('Week 4'!F27*(1+'Week 4'!G27/30),1)) | F83: =IF(OR('Week 5'!F27=0,'Week 5'!F27=""),"",ROUND('Week 5'!F27*(1+'Week 5'!G27/30),1)) | G83: =IF(OR('Week 6'!F27=0,'Week 6'!F27=""),"",ROUND('Week 6'!F27*(1+'Week 6'!G27/30),1)) | H83: =IF(OR('Week 7'!F27=0,'Week 7'!F27=""),"",ROUND('Week 7'!F27*(1+'Week 7'!G27/30),1)) | I83: =IF(OR('Week 8'!F27=0,'Week 8'!F27=""),"",ROUND('Week 8'!F27*(1+'Week 8'!G27/30),1)) | J83: =IF(OR('Week 9'!F27=0,'Week 9'!F27=""),"",ROUND('Week 9'!F27*(1+'Week 9'!G27/30),1)) | K83: =IF(OR('Week 10'!F27=0,'Week 10'!F27=""),"",ROUND('Week 10'!F27*(1+'Week 10'!G27/30),1)) | L83: =IF(OR('Week 11'!F27=0,'Week 11'!F27=""),"",ROUND('Week 11'!F27*(1+'Week 11'!G27/30),1)) | M83: =IF(OR('Week 12'!F27=0,'Week 12'!F27=""),"",ROUND('Week 12'!F27*(1+'Week 12'!G27/30),1)) | N83: =IF(MAX(B83:M83)=0,"",MAX(B83:M83)) | O83: =IF(N83="","",MATCH(N83,B83:M83,0))
A84: Incline DB Curl | B84: =IF(OR('Week 1'!F31=0,'Week 1'!F31=""),"",ROUND('Week 1'!F31*(1+'Week 1'!G31/30),1)) -> 25.3 | C84: =IF(OR('Week 2'!F31=0,'Week 2'!F31=""),"",ROUND('Week 2'!F31*(1+'Week 2'!G31/30),1)) | D84: =IF(OR('Week 3'!F31=0,'Week 3'!F31=""),"",ROUND('Week 3'!F31*(1+'Week 3'!G31/30),1)) | E84: =IF(OR('Week 4'!F31=0,'Week 4'!F31=""),"",ROUND('Week 4'!F31*(1+'Week 4'!G31/30),1)) | F84: =IF(OR('Week 5'!F31=0,'Week 5'!F31=""),"",ROUND('Week 5'!F31*(1+'Week 5'!G31/30),1)) | G84: =IF(OR('Week 6'!F31=0,'Week 6'!F31=""),"",ROUND('Week 6'!F31*(1+'Week 6'!G31/30),1)) | H84: =IF(OR('Week 7'!F31=0,'Week 7'!F31=""),"",ROUND('Week 7'!F31*(1+'Week 7'!G31/30),1)) | I84: =IF(OR('Week 8'!F31=0,'Week 8'!F31=""),"",ROUND('Week 8'!F31*(1+'Week 8'!G31/30),1)) | J84: =IF(OR('Week 9'!F31=0,'Week 9'!F31=""),"",ROUND('Week 9'!F31*(1+'Week 9'!G31/30),1)) | K84: =IF(OR('Week 10'!F31=0,'Week 10'!F31=""),"",ROUND('Week 10'!F31*(1+'Week 10'!G31/30),1)) | L84: =IF(OR('Week 11'!F31=0,'Week 11'!F31=""),"",ROUND('Week 11'!F31*(1+'Week 11'!G31/30),1)) | M84: =IF(OR('Week 12'!F31=0,'Week 12'!F31=""),"",ROUND('Week 12'!F31*(1+'Week 12'!G31/30),1)) | N84: =IF(MAX(B84:M84)=0,"",MAX(B84:M84)) -> 25.3 | O84: =IF(N84="","",MATCH(N84,B84:M84,0)) -> 1
A85: Overhead Cable Triceps Ext | B85: =IF(OR('Week 1'!F32=0,'Week 1'!F32=""),"",ROUND('Week 1'!F32*(1+'Week 1'!G32/30),1)) -> 31.7 | C85: =IF(OR('Week 2'!F32=0,'Week 2'!F32=""),"",ROUND('Week 2'!F32*(1+'Week 2'!G32/30),1)) | D85: =IF(OR('Week 3'!F32=0,'Week 3'!F32=""),"",ROUND('Week 3'!F32*(1+'Week 3'!G32/30),1)) | E85: =IF(OR('Week 4'!F32=0,'Week 4'!F32=""),"",ROUND('Week 4'!F32*(1+'Week 4'!G32/30),1)) | F85: =IF(OR('Week 5'!F32=0,'Week 5'!F32=""),"",ROUND('Week 5'!F32*(1+'Week 5'!G32/30),1)) | G85: =IF(OR('Week 6'!F32=0,'Week 6'!F32=""),"",ROUND('Week 6'!F32*(1+'Week 6'!G32/30),1)) | H85: =IF(OR('Week 7'!F32=0,'Week 7'!F32=""),"",ROUND('Week 7'!F32*(1+'Week 7'!G32/30),1)) | I85: =IF(OR('Week 8'!F32=0,'Week 8'!F32=""),"",ROUND('Week 8'!F32*(1+'Week 8'!G32/30),1)) | J85: =IF(OR('Week 9'!F32=0,'Week 9'!F32=""),"",ROUND('Week 9'!F32*(1+'Week 9'!G32/30),1)) | K85: =IF(OR('Week 10'!F32=0,'Week 10'!F32=""),"",ROUND('Week 10'!F32*(1+'Week 10'!G32/30),1)) | L85: =IF(OR('Week 11'!F32=0,'Week 11'!F32=""),"",ROUND('Week 11'!F32*(1+'Week 11'!G32/30),1)) | M85: =IF(OR('Week 12'!F32=0,'Week 12'!F32=""),"",ROUND('Week 12'!F32*(1+'Week 12'!G32/30),1)) | N85: =IF(MAX(B85:M85)=0,"",MAX(B85:M85)) -> 31.7 | O85: =IF(N85="","",MATCH(N85,B85:M85,0)) -> 1
A86: Modified Zottman Curl | B86: =IF(OR('Week 1'!F33=0,'Week 1'!F33=""),"",ROUND('Week 1'!F33*(1+'Week 1'!G33/30),1)) -> 20 | C86: =IF(OR('Week 2'!F33=0,'Week 2'!F33=""),"",ROUND('Week 2'!F33*(1+'Week 2'!G33/30),1)) | D86: =IF(OR('Week 3'!F33=0,'Week 3'!F33=""),"",ROUND('Week 3'!F33*(1+'Week 3'!G33/30),1)) | E86: =IF(OR('Week 4'!F33=0,'Week 4'!F33=""),"",ROUND('Week 4'!F33*(1+'Week 4'!G33/30),1)) | F86: =IF(OR('Week 5'!F33=0,'Week 5'!F33=""),"",ROUND('Week 5'!F33*(1+'Week 5'!G33/30),1)) | G86: =IF(OR('Week 6'!F33=0,'Week 6'!F33=""),"",ROUND('Week 6'!F33*(1+'Week 6'!G33/30),1)) | H86: =IF(OR('Week 7'!F33=0,'Week 7'!F33=""),"",ROUND('Week 7'!F33*(1+'Week 7'!G33/30),1)) | I86: =IF(OR('Week 8'!F33=0,'Week 8'!F33=""),"",ROUND('Week 8'!F33*(1+'Week 8'!G33/30),1)) | J86: =IF(OR('Week 9'!F33=0,'Week 9'!F33=""),"",ROUND('Week 9'!F33*(1+'Week 9'!G33/30),1)) | K86: =IF(OR('Week 10'!F33=0,'Week 10'!F33=""),"",ROUND('Week 10'!F33*(1+'Week 10'!G33/30),1)) | L86: =IF(OR('Week 11'!F33=0,'Week 11'!F33=""),"",ROUND('Week 11'!F33*(1+'Week 11'!G33/30),1)) | M86: =IF(OR('Week 12'!F33=0,'Week 12'!F33=""),"",ROUND('Week 12'!F33*(1+'Week 12'!G33/30),1)) | N86: =IF(MAX(B86:M86)=0,"",MAX(B86:M86)) -> 20 | O86: =IF(N86="","",MATCH(N86,B86:M86,0)) -> 1
A87: Cable Triceps Kickback | B87: =IF(OR('Week 1'!F34=0,'Week 1'!F34=""),"",ROUND('Week 1'!F34*(1+'Week 1'!G34/30),1)) -> 16.7 | C87: =IF(OR('Week 2'!F34=0,'Week 2'!F34=""),"",ROUND('Week 2'!F34*(1+'Week 2'!G34/30),1)) | D87: =IF(OR('Week 3'!F34=0,'Week 3'!F34=""),"",ROUND('Week 3'!F34*(1+'Week 3'!G34/30),1)) | E87: =IF(OR('Week 4'!F34=0,'Week 4'!F34=""),"",ROUND('Week 4'!F34*(1+'Week 4'!G34/30),1)) | F87: =IF(OR('Week 5'!F34=0,'Week 5'!F34=""),"",ROUND('Week 5'!F34*(1+'Week 5'!G34/30),1)) | G87: =IF(OR('Week 6'!F34=0,'Week 6'!F34=""),"",ROUND('Week 6'!F34*(1+'Week 6'!G34/30),1)) | H87: =IF(OR('Week 7'!F34=0,'Week 7'!F34=""),"",ROUND('Week 7'!F34*(1+'Week 7'!G34/30),1)) | I87: =IF(OR('Week 8'!F34=0,'Week 8'!F34=""),"",ROUND('Week 8'!F34*(1+'Week 8'!G34/30),1)) | J87: =IF(OR('Week 9'!F34=0,'Week 9'!F34=""),"",ROUND('Week 9'!F34*(1+'Week 9'!G34/30),1)) | K87: =IF(OR('Week 10'!F34=0,'Week 10'!F34=""),"",ROUND('Week 10'!F34*(1+'Week 10'!G34/30),1)) | L87: =IF(OR('Week 11'!F34=0,'Week 11'!F34=""),"",ROUND('Week 11'!F34*(1+'Week 11'!G34/30),1)) | M87: =IF(OR('Week 12'!F34=0,'Week 12'!F34=""),"",ROUND('Week 12'!F34*(1+'Week 12'!G34/30),1)) | N87: =IF(MAX(B87:M87)=0,"",MAX(B87:M87)) -> 16.7 | O87: =IF(N87="","",MATCH(N87,B87:M87,0)) -> 1
A88: DB Wrist Curl | B88: =IF(OR('Week 1'!F35=0,'Week 1'!F35=""),"",ROUND('Week 1'!F35*(1+'Week 1'!G35/30),1)) | C88: =IF(OR('Week 2'!F35=0,'Week 2'!F35=""),"",ROUND('Week 2'!F35*(1+'Week 2'!G35/30),1)) | D88: =IF(OR('Week 3'!F35=0,'Week 3'!F35=""),"",ROUND('Week 3'!F35*(1+'Week 3'!G35/30),1)) | E88: =IF(OR('Week 4'!F35=0,'Week 4'!F35=""),"",ROUND('Week 4'!F35*(1+'Week 4'!G35/30),1)) | F88: =IF(OR('Week 5'!F35=0,'Week 5'!F35=""),"",ROUND('Week 5'!F35*(1+'Week 5'!G35/30),1)) | G88: =IF(OR('Week 6'!F35=0,'Week 6'!F35=""),"",ROUND('Week 6'!F35*(1+'Week 6'!G35/30),1)) | H88: =IF(OR('Week 7'!F35=0,'Week 7'!F35=""),"",ROUND('Week 7'!F35*(1+'Week 7'!G35/30),1)) | I88: =IF(OR('Week 8'!F35=0,'Week 8'!F35=""),"",ROUND('Week 8'!F35*(1+'Week 8'!G35/30),1)) | J88: =IF(OR('Week 9'!F35=0,'Week 9'!F35=""),"",ROUND('Week 9'!F35*(1+'Week 9'!G35/30),1)) | K88: =IF(OR('Week 10'!F35=0,'Week 10'!F35=""),"",ROUND('Week 10'!F35*(1+'Week 10'!G35/30),1)) | L88: =IF(OR('Week 11'!F35=0,'Week 11'!F35=""),"",ROUND('Week 11'!F35*(1+'Week 11'!G35/30),1)) | M88: =IF(OR('Week 12'!F35=0,'Week 12'!F35=""),"",ROUND('Week 12'!F35*(1+'Week 12'!G35/30),1)) | N88: =IF(MAX(B88:M88)=0,"",MAX(B88:M88)) | O88: =IF(N88="","",MATCH(N88,B88:M88,0))
A89: DB Wrist Extension | B89: =IF(OR('Week 1'!F36=0,'Week 1'!F36=""),"",ROUND('Week 1'!F36*(1+'Week 1'!G36/30),1)) -> 26.7 | C89: =IF(OR('Week 2'!F36=0,'Week 2'!F36=""),"",ROUND('Week 2'!F36*(1+'Week 2'!G36/30),1)) | D89: =IF(OR('Week 3'!F36=0,'Week 3'!F36=""),"",ROUND('Week 3'!F36*(1+'Week 3'!G36/30),1)) | E89: =IF(OR('Week 4'!F36=0,'Week 4'!F36=""),"",ROUND('Week 4'!F36*(1+'Week 4'!G36/30),1)) | F89: =IF(OR('Week 5'!F36=0,'Week 5'!F36=""),"",ROUND('Week 5'!F36*(1+'Week 5'!G36/30),1)) | G89: =IF(OR('Week 6'!F36=0,'Week 6'!F36=""),"",ROUND('Week 6'!F36*(1+'Week 6'!G36/30),1)) | H89: =IF(OR('Week 7'!F36=0,'Week 7'!F36=""),"",ROUND('Week 7'!F36*(1+'Week 7'!G36/30),1)) | I89: =IF(OR('Week 8'!F36=0,'Week 8'!F36=""),"",ROUND('Week 8'!F36*(1+'Week 8'!G36/30),1)) | J89: =IF(OR('Week 9'!F36=0,'Week 9'!F36=""),"",ROUND('Week 9'!F36*(1+'Week 9'!G36/30),1)) | K89: =IF(OR('Week 10'!F36=0,'Week 10'!F36=""),"",ROUND('Week 10'!F36*(1+'Week 10'!G36/30),1)) | L89: =IF(OR('Week 11'!F36=0,'Week 11'!F36=""),"",ROUND('Week 11'!F36*(1+'Week 11'!G36/30),1)) | M89: =IF(OR('Week 12'!F36=0,'Week 12'!F36=""),"",ROUND('Week 12'!F36*(1+'Week 12'!G36/30),1)) | N89: =IF(MAX(B89:M89)=0,"",MAX(B89:M89)) -> 26.7 | O89: =IF(N89="","",MATCH(N89,B89:M89,0)) -> 1
A90: Alternating DB Curl | B90: =IF(OR('Week 1'!F37=0,'Week 1'!F37=""),"",ROUND('Week 1'!F37*(1+'Week 1'!G37/30),1)) | C90: =IF(OR('Week 2'!F37=0,'Week 2'!F37=""),"",ROUND('Week 2'!F37*(1+'Week 2'!G37/30),1)) | D90: =IF(OR('Week 3'!F37=0,'Week 3'!F37=""),"",ROUND('Week 3'!F37*(1+'Week 3'!G37/30),1)) | E90: =IF(OR('Week 4'!F37=0,'Week 4'!F37=""),"",ROUND('Week 4'!F37*(1+'Week 4'!G37/30),1)) | F90: =IF(OR('Week 5'!F37=0,'Week 5'!F37=""),"",ROUND('Week 5'!F37*(1+'Week 5'!G37/30),1)) | G90: =IF(OR('Week 6'!F37=0,'Week 6'!F37=""),"",ROUND('Week 6'!F37*(1+'Week 6'!G37/30),1)) | H90: =IF(OR('Week 7'!F37=0,'Week 7'!F37=""),"",ROUND('Week 7'!F37*(1+'Week 7'!G37/30),1)) | I90: =IF(OR('Week 8'!F37=0,'Week 8'!F37=""),"",ROUND('Week 8'!F37*(1+'Week 8'!G37/30),1)) | J90: =IF(OR('Week 9'!F37=0,'Week 9'!F37=""),"",ROUND('Week 9'!F37*(1+'Week 9'!G37/30),1)) | K90: =IF(OR('Week 10'!F37=0,'Week 10'!F37=""),"",ROUND('Week 10'!F37*(1+'Week 10'!G37/30),1)) | L90: =IF(OR('Week 11'!F37=0,'Week 11'!F37=""),"",ROUND('Week 11'!F37*(1+'Week 11'!G37/30),1)) | M90: =IF(OR('Week 12'!F37=0,'Week 12'!F37=""),"",ROUND('Week 12'!F37*(1+'Week 12'!G37/30),1)) | N90: =IF(MAX(B90:M90)=0,"",MAX(B90:M90)) | O90: =IF(N90="","",MATCH(N90,B90:M90,0))
A91: High-Cable Lateral Raise (A/D) | B91: =IF(OR('Week 1'!F38=0,'Week 1'!F38=""),"",ROUND('Week 1'!F38*(1+'Week 1'!G38/30),1)) | C91: =IF(OR('Week 2'!F38=0,'Week 2'!F38=""),"",ROUND('Week 2'!F38*(1+'Week 2'!G38/30),1)) | D91: =IF(OR('Week 3'!F38=0,'Week 3'!F38=""),"",ROUND('Week 3'!F38*(1+'Week 3'!G38/30),1)) | E91: =IF(OR('Week 4'!F38=0,'Week 4'!F38=""),"",ROUND('Week 4'!F38*(1+'Week 4'!G38/30),1)) | F91: =IF(OR('Week 5'!F38=0,'Week 5'!F38=""),"",ROUND('Week 5'!F38*(1+'Week 5'!G38/30),1)) | G91: =IF(OR('Week 6'!F38=0,'Week 6'!F38=""),"",ROUND('Week 6'!F38*(1+'Week 6'!G38/30),1)) | H91: =IF(OR('Week 7'!F38=0,'Week 7'!F38=""),"",ROUND('Week 7'!F38*(1+'Week 7'!G38/30),1)) | I91: =IF(OR('Week 8'!F38=0,'Week 8'!F38=""),"",ROUND('Week 8'!F38*(1+'Week 8'!G38/30),1)) | J91: =IF(OR('Week 9'!F38=0,'Week 9'!F38=""),"",ROUND('Week 9'!F38*(1+'Week 9'!G38/30),1)) | K91: =IF(OR('Week 10'!F38=0,'Week 10'!F38=""),"",ROUND('Week 10'!F38*(1+'Week 10'!G38/30),1)) | L91: =IF(OR('Week 11'!F38=0,'Week 11'!F38=""),"",ROUND('Week 11'!F38*(1+'Week 11'!G38/30),1)) | M91: =IF(OR('Week 12'!F38=0,'Week 12'!F38=""),"",ROUND('Week 12'!F38*(1+'Week 12'!G38/30),1)) | N91: =IF(MAX(B91:M91)=0,"",MAX(B91:M91)) | O91: =IF(N91="","",MATCH(N91,B91:M91,0))
A94: 🏆 NEW PR INDICATORS (✓ = New Personal Record That Week)
A95: Shows a ✓ when your E1RM exceeds all previous weeks. Week 1 gets a ✓ if you logged data (it's your first PR!).
A97: Exercise | B97: Wk1 | C97: Wk2 | D97: Wk3 | E97: Wk4 | F97: Wk5 | G97: Wk6 | H97: Wk7 | I97: Wk8 | J97: Wk9 | K97: Wk10 | L97: Wk11 | M97: Wk12 | N97: Total PRs
A98: Lying Leg Curl | B98: =IF(AND(B66<>"",B66>0),"✓","") | C98: =IF(AND(C66<>"",C66>MAX(B66:B66)),"✓","") | D98: =IF(AND(D66<>"",D66>MAX(B66:C66)),"✓","") | E98: =IF(AND(E66<>"",E66>MAX(B66:D66)),"✓","") | F98: =IF(AND(F66<>"",F66>MAX(B66:E66)),"✓","") | G98: =IF(AND(G66<>"",G66>MAX(B66:F66)),"✓","") | H98: =IF(AND(H66<>"",H66>MAX(B66:G66)),"✓","") | I98: =IF(AND(I66<>"",I66>MAX(B66:H66)),"✓","") | J98: =IF(AND(J66<>"",J66>MAX(B66:I66)),"✓","") | K98: =IF(AND(K66<>"",K66>MAX(B66:J66)),"✓","") | L98: =IF(AND(L66<>"",L66>MAX(B66:K66)),"✓","") | M98: =IF(AND(M66<>"",M66>MAX(B66:L66)),"✓","") | N98: =COUNTIF(B98:M98,"✓") -> 0
A99: Hack Squat | B99: =IF(AND(B67<>"",B67>0),"✓","") -> ✓ | C99: =IF(AND(C67<>"",C67>MAX(B67:B67)),"✓","") | D99: =IF(AND(D67<>"",D67>MAX(B67:C67)),"✓","") | E99: =IF(AND(E67<>"",E67>MAX(B67:D67)),"✓","") | F99: =IF(AND(F67<>"",F67>MAX(B67:E67)),"✓","") | G99: =IF(AND(G67<>"",G67>MAX(B67:F67)),"✓","") | H99: =IF(AND(H67<>"",H67>MAX(B67:G67)),"✓","") | I99: =IF(AND(I67<>"",I67>MAX(B67:H67)),"✓","") | J99: =IF(AND(J67<>"",J67>MAX(B67:I67)),"✓","") | K99: =IF(AND(K67<>"",K67>MAX(B67:J67)),"✓","") | L99: =IF(AND(L67<>"",L67>MAX(B67:K67)),"✓","") | M99: =IF(AND(M67<>"",M67>MAX(B67:L67)),"✓","") | N99: =COUNTIF(B99:M99,"✓") -> 1
A100: DB Incline Press | B100: =IF(AND(B68<>"",B68>0),"✓","") -> ✓ | C100: =IF(AND(C68<>"",C68>MAX(B68:B68)),"✓","") | D100: =IF(AND(D68<>"",D68>MAX(B68:C68)),"✓","") | E100: =IF(AND(E68<>"",E68>MAX(B68:D68)),"✓","") | F100: =IF(AND(F68<>"",F68>MAX(B68:E68)),"✓","") | G100: =IF(AND(G68<>"",G68>MAX(B68:F68)),"✓","") | H100: =IF(AND(H68<>"",H68>MAX(B68:G68)),"✓","") | I100: =IF(AND(I68<>"",I68>MAX(B68:H68)),"✓","") | J100: =IF(AND(J68<>"",J68>MAX(B68:I68)),"✓","") | K100: =IF(AND(K68<>"",K68>MAX(B68:J68)),"✓","") | L100: =IF(AND(L68<>"",L68>MAX(B68:K68)),"✓","") | M100: =IF(AND(M68<>"",M68>MAX(B68:L68)),"✓","") | N100: =COUNTIF(B100:M100,"✓") -> 1
A101: Incline DB Y-Raise | B101: =IF(AND(B69<>"",B69>0),"✓","") -> ✓ | C101: =IF(AND(C69<>"",C69>MAX(B69:B69)),"✓","") | D101: =IF(AND(D69<>"",D69>MAX(B69:C69)),"✓","") | E101: =IF(AND(E69<>"",E69>MAX(B69:D69)),"✓","") | F101: =IF(AND(F69<>"",F69>MAX(B69:E69)),"✓","") | G101: =IF(AND(G69<>"",G69>MAX(B69:F69)),"✓","") | H101: =IF(AND(H69<>"",H69>MAX(B69:G69)),"✓","") | I101: =IF(AND(I69<>"",I69>MAX(B69:H69)),"✓","") | J101: =IF(AND(J69<>"",J69>MAX(B69:I69)),"✓","") | K101: =IF(AND(K69<>"",K69>MAX(B69:J69)),"✓","") | L101: =IF(AND(L69<>"",L69>MAX(B69:K69)),"✓","") | M101: =IF(AND(M69<>"",M69>MAX(B69:L69)),"✓","") | N101: =COUNTIF(B101:M101,"✓") -> 1
A102: Pull-Up (Wide Grip) | B102: =IF(AND(B70<>"",B70>0),"✓","") -> ✓ | C102: =IF(AND(C70<>"",C70>MAX(B70:B70)),"✓","") | D102: =IF(AND(D70<>"",D70>MAX(B70:C70)),"✓","") | E102: =IF(AND(E70<>"",E70>MAX(B70:D70)),"✓","") | F102: =IF(AND(F70<>"",F70>MAX(B70:E70)),"✓","") | G102: =IF(AND(G70<>"",G70>MAX(B70:F70)),"✓","") | H102: =IF(AND(H70<>"",H70>MAX(B70:G70)),"✓","") | I102: =IF(AND(I70<>"",I70>MAX(B70:H70)),"✓","") | J102: =IF(AND(J70<>"",J70>MAX(B70:I70)),"✓","") | K102: =IF(AND(K70<>"",K70>MAX(B70:J70)),"✓","") | L102: =IF(AND(L70<>"",L70>MAX(B70:K70)),"✓","") | M102: =IF(AND(M70<>"",M70>MAX(B70:L70)),"✓","") | N102: =COUNTIF(B102:M102,"✓") -> 1
A103: Standing Calf Raise (FB) | B103: =IF(AND(B71<>"",B71>0),"✓","") -> ✓ | C103: =IF(AND(C71<>"",C71>MAX(B71:B71)),"✓","") | D103: =IF(AND(D71<>"",D71>MAX(B71:C71)),"✓","") | E103: =IF(AND(E71<>"",E71>MAX(B71:D71)),"✓","") | F103: =IF(AND(F71<>"",F71>MAX(B71:E71)),"✓","") | G103: =IF(AND(G71<>"",G71>MAX(B71:F71)),"✓","") | H103: =IF(AND(H71<>"",H71>MAX(B71:G71)),"✓","") | I103: =IF(AND(I71<>"",I71>MAX(B71:H71)),"✓","") | J103: =IF(AND(J71<>"",J71>MAX(B71:I71)),"✓","") | K103: =IF(AND(K71<>"",K71>MAX(B71:J71)),"✓","") | L103: =IF(AND(L71<>"",L71>MAX(B71:K71)),"✓","") | M103: =IF(AND(M71<>"",M71>MAX(B71:L71)),"✓","") | N103: =COUNTIF(B103:M103,"✓") -> 1
A104: Close-Grip Lat Pulldown | B104: =IF(AND(B72<>"",B72>0),"✓","") -> ✓ | C104: =IF(AND(C72<>"",C72>MAX(B72:B72)),"✓","") | D104: =IF(AND(D72<>"",D72>MAX(B72:C72)),"✓","") | E104: =IF(AND(E72<>"",E72>MAX(B72:D72)),"✓","") | F104: =IF(AND(F72<>"",F72>MAX(B72:E72)),"✓","") | G104: =IF(AND(G72<>"",G72>MAX(B72:F72)),"✓","") | H104: =IF(AND(H72<>"",H72>MAX(B72:G72)),"✓","") | I104: =IF(AND(I72<>"",I72>MAX(B72:H72)),"✓","") | J104: =IF(AND(J72<>"",J72>MAX(B72:I72)),"✓","") | K104: =IF(AND(K72<>"",K72>MAX(B72:J72)),"✓","") | L104: =IF(AND(L72<>"",L72>MAX(B72:K72)),"✓","") | M104: =IF(AND(M72<>"",M72>MAX(B72:L72)),"✓","") | N104: =COUNTIF(B104:M104,"✓") -> 1
A105: Chest-Supported T-Bar Row | B105: =IF(AND(B73<>"",B73>0),"✓","") -> ✓ | C105: =IF(AND(C73<>"",C73>MAX(B73:B73)),"✓","") | D105: =IF(AND(D73<>"",D73>MAX(B73:C73)),"✓","") | E105: =IF(AND(E73<>"",E73>MAX(B73:D73)),"✓","") | F105: =IF(AND(F73<>"",F73>MAX(B73:E73)),"✓","") | G105: =IF(AND(G73<>"",G73>MAX(B73:F73)),"✓","") | H105: =IF(AND(H73<>"",H73>MAX(B73:G73)),"✓","") | I105: =IF(AND(I73<>"",I73>MAX(B73:H73)),"✓","") | J105: =IF(AND(J73<>"",J73>MAX(B73:I73)),"✓","") | K105: =IF(AND(K73<>"",K73>MAX(B73:J73)),"✓","") | L105: =IF(AND(L73<>"",L73>MAX(B73:K73)),"✓","") | M105: =IF(AND(M73<>"",M73>MAX(B73:L73)),"✓","") | N105: =COUNTIF(B105:M105,"✓") -> 1
A106: Barbell Shrug | B106: =IF(AND(B74<>"",B74>0),"✓","") -> ✓ | C106: =IF(AND(C74<>"",C74>MAX(B74:B74)),"✓","") | D106: =IF(AND(D74<>"",D74>MAX(B74:C74)),"✓","") | E106: =IF(AND(E74<>"",E74>MAX(B74:D74)),"✓","") | F106: =IF(AND(F74<>"",F74>MAX(B74:E74)),"✓","") | G106: =IF(AND(G74<>"",G74>MAX(B74:F74)),"✓","") | H106: =IF(AND(H74<>"",H74>MAX(B74:G74)),"✓","") | I106: =IF(AND(I74<>"",I74>MAX(B74:H74)),"✓","") | J106: =IF(AND(J74<>"",J74>MAX(B74:I74)),"✓","") | K106: =IF(AND(K74<>"",K74>MAX(B74:J74)),"✓","") | L106: =IF(AND(L74<>"",L74>MAX(B74:K74)),"✓","") | M106: =IF(AND(M74<>"",M74>MAX(B74:L74)),"✓","") | N106: =COUNTIF(B106:M106,"✓") -> 1
A107: Machine Chest Press | B107: =IF(AND(B75<>"",B75>0),"✓","") -> ✓ | C107: =IF(AND(C75<>"",C75>MAX(B75:B75)),"✓","") | D107: =IF(AND(D75<>"",D75>MAX(B75:C75)),"✓","") | E107: =IF(AND(E75<>"",E75>MAX(B75:D75)),"✓","") | F107: =IF(AND(F75<>"",F75>MAX(B75:E75)),"✓","") | G107: =IF(AND(G75<>"",G75>MAX(B75:F75)),"✓","") | H107: =IF(AND(H75<>"",H75>MAX(B75:G75)),"✓","") | I107: =IF(AND(I75<>"",I75>MAX(B75:H75)),"✓","") | J107: =IF(AND(J75<>"",J75>MAX(B75:I75)),"✓","") | K107: =IF(AND(K75<>"",K75>MAX(B75:J75)),"✓","") | L107: =IF(AND(L75<>"",L75>MAX(B75:K75)),"✓","") | M107: =IF(AND(M75<>"",M75>MAX(B75:L75)),"✓","") | N107: =COUNTIF(B107:M107,"✓") -> 1
A108: High-Cable Lateral Raise | B108: =IF(AND(B76<>"",B76>0),"✓","") -> ✓ | C108: =IF(AND(C76<>"",C76>MAX(B76:B76)),"✓","") | D108: =IF(AND(D76<>"",D76>MAX(B76:C76)),"✓","") | E108: =IF(AND(E76<>"",E76>MAX(B76:D76)),"✓","") | F108: =IF(AND(F76<>"",F76>MAX(B76:E76)),"✓","") | G108: =IF(AND(G76<>"",G76>MAX(B76:F76)),"✓","") | H108: =IF(AND(H76<>"",H76>MAX(B76:G76)),"✓","") | I108: =IF(AND(I76<>"",I76>MAX(B76:H76)),"✓","") | J108: =IF(AND(J76<>"",J76>MAX(B76:I76)),"✓","") | K108: =IF(AND(K76<>"",K76>MAX(B76:J76)),"✓","") | L108: =IF(AND(L76<>"",L76>MAX(B76:K76)),"✓","") | M108: =IF(AND(M76<>"",M76>MAX(B76:L76)),"✓","") | N108: =COUNTIF(B108:M108,"✓") -> 1
A109: 1-Arm Reverse Pec Deck | B109: =IF(AND(B77<>"",B77>0),"✓","") | C109: =IF(AND(C77<>"",C77>MAX(B77:B77)),"✓","") | D109: =IF(AND(D77<>"",D77>MAX(B77:C77)),"✓","") | E109: =IF(AND(E77<>"",E77>MAX(B77:D77)),"✓","") | F109: =IF(AND(F77<>"",F77>MAX(B77:E77)),"✓","") | G109: =IF(AND(G77<>"",G77>MAX(B77:F77)),"✓","") | H109: =IF(AND(H77<>"",H77>MAX(B77:G77)),"✓","") | I109: =IF(AND(I77<>"",I77>MAX(B77:H77)),"✓","") | J109: =IF(AND(J77<>"",J77>MAX(B77:I77)),"✓","") | K109: =IF(AND(K77<>"",K77>MAX(B77:J77)),"✓","") | L109: =IF(AND(L77<>"",L77>MAX(B77:K77)),"✓","") | M109: =IF(AND(M77<>"",M77>MAX(B77:L77)),"✓","") | N109: =COUNTIF(B109:M109,"✓") -> 0
... A123: High-Cable Lateral Raise (A/D) | B123: =IF(AND(B91<>"",B91>0),"✓","") | C123: =IF(AND(C91<>"",C91>MAX(B91:B91)),"✓","") | D123: =IF(AND(D91<>"",D91>MAX(B91:C91)),"✓","") | E123: =IF(AND(E91<>"",E91>MAX(B91:D91)),"✓","") | F123: =IF(AND(F91<>"",F91>MAX(B91:E91)),"✓","") | G123: =IF(AND(G91<>"",G91>MAX(B91:F91)),"✓","") | H123: =IF(AND(H91<>"",H91>MAX(B91:G91)),"✓","") | I123: =IF(AND(I91<>"",I91>MAX(B91:H91)),"✓","") | J123: =IF(AND(J91<>"",J91>MAX(B91:I91)),"✓","") | K123: =IF(AND(K91<>"",K91>MAX(B91:J91)),"✓","") | L123: =IF(AND(L91<>"",L91>MAX(B91:K91)),"✓","") | M123: =IF(AND(M91<>"",M91>MAX(B91:L91)),"✓","") | N123: =COUNTIF(B123:M123,"✓") -> 0
A124: TOTAL PRs BY WEEK | B124: =COUNTIF(B98:B123,"✓") -> 18 | C124: =COUNTIF(C98:C123,"✓") -> 0 | D124: =COUNTIF(D98:D123,"✓") -> 0 | E124: =COUNTIF(E98:E123,"✓") -> 0 | F124: =COUNTIF(F98:F123,"✓") -> 0 | G124: =COUNTIF(G98:G123,"✓") -> 0 | H124: =COUNTIF(H98:H123,"✓") -> 0 | I124: =COUNTIF(I98:I123,"✓") -> 0 | ... M124: =COUNTIF(M98:M123,"✓") -> 0 | N124: =SUM(B124:M124) -> 18
A127: 💡 HOW THE PR TRACKER WORKS:
A128: • Estimated 1RM is calculated using the Epley Formula: Weight × (1 + Reps/30)
A129: • The E1RM table shows your calculated 1RM for each exercise every week
A130: • 'Best E1RM' column shows your all-time best, 'PR Week' shows when you achieved it
A131: • The PR Indicator table shows a ✓ checkmark whenever you beat your previous best
...

Sheet _DropdownLists
A1: 1 | B1: Lying Leg Curl
A2: 2 | B2: Seated Leg Curl
A3: 3 | B3: Nordic Ham Curl
B4: Squat (Your Choice)
B5: Barbell Back Squat
B6: Front Squat
B7: Pendulum Squat
B8: Hack Squat
B9: Belt Squat
B10: Smith Machine Squat
B11: Barbell Incline Press
B12: Smith Machine Incline Press
B13: DB Incline Press
B14: Incline DB Y-Raise
B15: Cable Y-Raise
... B73: Dead Hang (optional)

Sheet Week 1
A1: WEEK 1 WORKOUT TRACKER
A3: Exercise | B3: Warm-Up Sets | C3: Warm-Up Reps | D3: Warm-Up Weight | E3: Working Sets | F3: Working Weight | G3: Working Reps
A4: Full Body
A5: Lying Leg Curl | B5: 2 | C5: 10 | D5: 50 | E5: 2 | F5: 70 | G5: 8
A6: Hack Squat | B6: 2 | C6: 10 | D6: 45 | E6: 2 | F6: 70 | G6: 8
A7: DB Incline Press | B7: 2 | C7: 8 | D7: 20 | E7: 2 | F7: 25 | G7: 8
A8: Incline DB Y-Raise | B8: 2 | C8: 8 | D8: 5 | E8: 2 | F8: 7.5 | G8: 8
A9: Pull-Up (Wide Grip) | B9: 1 | C9: 10 | D9: 60 | E9: 2 | F9: 70 | G9: 8
A10: Standing Calf Raise
A12: Upper
A13: Close-Grip Lat Pulldown | B13: 2 | C13: 10 | D13: 50 | E13: 2 | F13: 70 | G13: 8
A14: Chest-Supported T-Bar Row | B14: 1 | C14: 10 | D14: 45 | E14: 2 | F14: 70 | G14: 8
A15: Barbell Shrug | E15: 3 | F15: 35 | G15: 10
A16: Machine Chest Press | B16: 1 | C16: 10 | D16: 50 | E16: 3 | F16: 60 | G16: 8
A17: High-Cable Lateral Raise | B17: 1 | C17: 10 | D17: 20 | E17: 2 | F17: 25 | G17: 10
A18: 1-Arm Reverse Pec Deck
A19: Machine Crunch | E19: 2 | G19: 8
A21: Lower
A22: Leg Extension | B22: 2 | C22: 10 | D22: 50 | E22: 2 | F22: 70 | G22: 10
A23: Barbell RDL | B23: 2 | C23: 8 | D23: 45 | E23: 2 | F23: 65 | G23: 8
A24: Machine Hip Thrust
A25: Leg Press | B25: 2 | C25: 10 | D25: 90 | E25: 2 | F25: 180 | G25: 8
A26: Standing Calf Raise | E26: 3 | F26: 45 | G26: 10
A28: Arms/Delts
A29: Incline DB Curl | B29: 1 | C29: 10 | D29: 15 | E29: 2 | F29: 17.5 | G29: 10
A30: Overhead Cable Triceps Extension | B30: 1 | C30: 10 | D30: 40 | E30: 2 | F30: 55 | G30: 10
A31: Modified Zottman Curl | B31: 1 | C31: 10 | D31: 17.5 | E31: 2 | F31: 20 | G31: 8
A32: Cable Triceps Kickback | B32: 1 | C32: 10 | D32: 20 | E32: 2 | F32: 25 | G32: 8
A33: DB Wrist Curl | E33: 3 | F33: 15 | G33: 10
A34: DB Wrist Extension | E34: 3 | F34: 12.5 | G34: 10
A35: Alternating DB Curl
A36: Machine Lateral Raise | E36: 2 | F36: 20 | G36: 10
A37: Dead Hang (optional)
A39: End of Week Bodyweight: | B39: 157.85 | C39: lbs

Sheet Week 2
A1: WEEK 2 WORKOUT TRACKER
A3: Exercise | B3: Warm-Up Sets | C3: Warm-Up Reps | D3: Warm-Up Weight | E3: Working Sets | F3: Working Weight | G3: Working Reps
A4: Full Body
A5: Lying Leg Curl
A6: Squat (Your Choice)
A7: Barbell Incline Press
A8: Incline DB Y-Raise
A9: Pull-Up (Wide Grip)
A10: Standing Calf Raise
A12: Upper
A13: Close-Grip Lat Pulldown
A14: Chest-Supported T-Bar Row
A15: Machine Shrug
A16: Machine Chest Press
... A37: Dead Hang (optional)
A39: End of Week Bodyweight: | C39: lbs

Sheet Week 3
A1: WEEK 3 WORKOUT TRACKER
A3: Exercise | B3: Warm-Up Sets | C3: Warm-Up Reps | D3: Warm-Up Weight | E3: Working Sets | F3: Working Weight | G3: Working Reps
A4: Full Body
A5: Lying Leg Curl
A6: Squat (Your Choice)
A7: Barbell Incline Press
A8: Incline DB Y-Raise
A9: Pull-Up (Wide Grip)
A10: Standing Calf Raise
A12: Upper
A13: Close-Grip Lat Pulldown
A14: Chest-Supported T-Bar Row
A15: Machine Shrug
A16: Machine Chest Press
... A37: Dead Hang (optional)
A39: End of Week Bodyweight: | C39: lbs

Sheet Week 4
A1: WEEK 4 WORKOUT TRACKER
A3: Exercise | B3: Warm-Up Sets | C3: Warm-Up Reps | D3: Warm-Up Weight | E3: Working Sets | F3: Working Weight | G3: Working Reps
A4: Full Body
A5: Lying Leg Curl
A6: Squat (Your Choice)
A7: Barbell Incline Press
A8: Incline DB Y-Raise
A9: Pull-Up (Wide Grip)
A10: Standing Calf Raise
A12: Upper
A13: Close-Grip Lat Pulldown
A14: Chest-Supported T-Bar Row
A15: Machine Shrug
A16: Machine Chest Press
... A37: Dead Hang (optional)
A39: End of Week Bodyweight: | C39: lbs

Sheet Week 5
A1: WEEK 5 WORKOUT TRACKER
A3: Exercise | B3: Warm-Up Sets | C3: Warm-Up Reps | D3: Warm-Up Weight | E3: Working Sets | F3: Working Weight | G3: Working Reps
A4: Full Body
A5: Lying Leg Curl
A6: Squat (Your Choice)
A7: Barbell Incline Press
A8: Incline DB Y-Raise
A9: Pull-Up (Wide Grip)
A10: Standing Calf Raise
A12: Upper
A13: Close-Grip Lat Pulldown
A14: Chest-Supported T-Bar Row
A15: Machine Shrug
A16: Machine Chest Press
... A37: Dead Hang (optional)
A39: End of Week Bodyweight: | C39: lbs

Sheet Week 6
A1: WEEK 6 WORKOUT TRACKER
A3: Exercise | B3: Warm-Up Sets | C3: Warm-Up Reps | D3: Warm-Up Weight | E3: Working Sets | F3: Working Weight | G3: Working Reps
A4: Full Body
A5: Lying Leg Curl
A6: Squat (Your Choice)
A7: Barbell Incline Press
A8: Incline DB Y-Raise
A9: Pull-Up (Wide Grip)
A10: Standing Calf Raise
A12: Upper
A13: Close-Grip Lat Pulldown
A14: Chest-Supported T-Bar Row
A15: Machine Shrug
A16: Machine Chest Press
... A37: Dead Hang (optional)
A39: End of Week Bodyweight: | C39: lbs

Sheet Week 7
A1: WEEK 7 WORKOUT TRACKER
A3: Exercise | B3: Warm-Up Sets | C3: Warm-Up Reps | D3: Warm-Up Weight | E3: Working Sets | F3: Working Weight | G3: Working Reps
A4: Full Body
A5: Lying Leg Curl
A6: Squat (Your Choice)
A7: Barbell Incline Press
A8: Incline DB Y-Raise
A9: Pull-Up (Wide Grip)
A10: Standing Calf Raise
A12: Upper
A13: Close-Grip Lat Pulldown
A14: Chest-Supported T-Bar Row
A15: Machine Shrug
A16: Machine Chest Press
... A37: Dead Hang (optional)
A39: End of Week Bodyweight: | C39: lbs

Sheet Week 8
A1: WEEK 8 WORKOUT TRACKER
A3: Exercise | B3: Warm-Up Sets | C3: Warm-Up Reps | D3: Warm-Up Weight | E3: Working Sets | F3: Working Weight | G3: Working Reps
A4: Full Body
A5: Lying Leg Curl
A6: Squat (Your Choice)
A7: Barbell Incline Press
A8: Incline DB Y-Raise
A9: Pull-Up (Wide Grip)
A10: Standing Calf Raise
A12: Upper
A13: Close-Grip Lat Pulldown
A14: Chest-Supported T-Bar Row
A15: Machine Shrug
A16: Machine Chest Press
... A37: Dead Hang (optional)
A39: End of Week Bodyweight: | C39: lbs

Sheet Week 9
A1: WEEK 9 WORKOUT TRACKER
A3: Exercise | B3: Warm-Up Sets | C3: Warm-Up Reps | D3: Warm-Up Weight | E3: Working Sets | F3: Working Weight | G3: Working Reps
A4: Full Body
A5: Lying Leg Curl
A6: Squat (Your Choice)
A7: Barbell Incline Press
A8: Incline DB Y-Raise
A9: Pull-Up (Wide Grip)
A10: Standing Calf Raise
A12: Upper
A13: Close-Grip Lat Pulldown
A14: Chest-Supported T-Bar Row
A15: Machine Shrug
A16: Machine Chest Press
... A37: Dead Hang (optional)
A39: End of Week Bodyweight: | C39: lbs

Sheet Week 10
A1: WEEK 10 WORKOUT TRACKER
A3: Exercise | B3: Warm-Up Sets | C3: Warm-Up Reps | D3: Warm-Up Weight | E3: Working Sets | F3: Working Weight | G3: Working Reps
A4: Full Body
A5: Lying Leg Curl
A6: Squat (Your Choice)
A7: Barbell Incline Press
A8: Incline DB Y-Raise
A9: Pull-Up (Wide Grip)
A10: Standing Calf Raise
A12: Upper
A13: Close-Grip Lat Pulldown
A14: Chest-Supported T-Bar Row
A15: Machine Shrug
A16: Machine Chest Press
... A37: Dead Hang (optional)
A39: End of Week Bodyweight: | C39: lbs

Sheet Week 11
A1: WEEK 11 WORKOUT TRACKER
A3: Exercise | B3: Warm-Up Sets | C3: Warm-Up Reps | D3: Warm-Up Weight | E3: Working Sets | F3: Working Weight | G3: Working Reps
A4: Full Body
A5: Lying Leg Curl
A6: Squat (Your Choice)
A7: Barbell Incline Press
A8: Incline DB Y-Raise
A9: Pull-Up (Wide Grip)
A10: Standing Calf Raise
A12: Upper
A13: Close-Grip Lat Pulldown
A14: Chest-Supported T-Bar Row
A15: Machine Shrug
A16: Machine Chest Press
... A37: Dead Hang (optional)
A39: End of Week Bodyweight: | C39: lbs

Sheet Week 12
A1: WEEK 12 WORKOUT TRACKER
A3: Exercise | B3: Warm-Up Sets | C3: Warm-Up Reps | D3: Warm-Up Weight | E3: Working Sets | F3: Working Weight | G3: Working Reps
A4: Full Body
A5: Lying Leg Curl
A6: Squat (Your Choice)
A7: Barbell Incline Press
A8: Incline DB Y-Raise
A9: Pull-Up (Wide Grip)
A10: Standing Calf Raise
A12: Upper
A13: Close-Grip Lat Pulldown
A14: Chest-Supported T-Bar Row
A15: Machine Shrug
A16: Machine Chest Press
... A37: Dead Hang (optional)
A39: End of Week Bodyweight: | C39: lbs
